void_id,survey,redshift,radius_mpc,aspect_ratio,central_density,ra_deg,dec_deg,x_mpc,y_mpc,z_mpc,comoving_distance,completeness,k_magnitude,j_k_color
2MRS_0000,2MRS,0.08573366834170854,31.505483389455076,2.1388859302965604,-0.5092722030474431,48.595073172866215,-49.640775277472265,159.3924267494671,180.76388230683537,-283.58397117627817,372.1577562806287,0.75,11.828503507047593,0.9112134883747027
2MRS_0001,2MRS,0.07317587939698492,67.19181647234481,2.622739167054883,-0.6961516299447659,198.80957985422683,20.23377209235586,-282.9937536684671,-96.39173520497017,110.19582367238118,318.6219559070414,0.75,11.112932180970045,0.3967256663960288
2MRS_0002,2MRS,0.14335175879396983,53.15388711391685,2.4881160750046876,-0.6381543588859757,339.35460624138346,13.09435307670132,559.1058036978642,-210.6597520507327,138.97480346706413,613.425485989472,0.75,10.732275274812888,0.5401073720587726
2MRS_0003,2MRS,0.03550251256281407,25.79849927042459,2.4679199687352154,-0.45840451219186124,256.77739155751624,-28.64188977278333,-31.31520522182213,-133.27648427667654,-74.77349522215503,155.99467595714185,0.75,10.63304876752408,1.1732935277019796
2MRS_0005,2MRS,0.07022110552763819,56.696773628395285,2.275360405338065,-0.65596680769235,314.48785762619195,67.68337570635059,81.41874991472288,-82.88745162303509,283.05841324233893,305.97615557671793,0.75,9.700154172160493,1.0558518061554458
2MRS_0009,2MRS,0.13301005025125628,25.68843961028253,1.730731573582645,-0.46156980255787544,14.114856293977063,23.50907364879107,507.48732012014653,127.61190237845484,227.62974805982617,570.6518026898332,0.75,12.577585523275387,0.9997613716860507
2MRS_0010,2MRS,0.061356783919597986,19.670792902376867,2.609264577010387,-0.3963766958576315,142.9158557484766,28.854918060802465,-187.2019526401367,141.49830485845985,129.2996854758048,267.92676240763944,0.75,13.17523383271041,0.9663510512981912
2MRS_0012,2MRS,0.11675879396984924,55.53788510741006,2.3192626268529613,-0.6494413176162092,314.33292979278474,-61.47402277708398,167.85455417291385,-171.80929348008868,-441.9060440569907,502.9657408380952,0.75,12.62860583523343,0.8369111867599626
2MRS_0013,2MRS,0.12045226130653265,72.14139773334313,2.7704004713024752,-0.7098302220579076,277.9061323055493,-27.885254274575857,63.02648078213887,-453.8505612738848,-242.45658559625414,518.3993298099404,0.75,9.295888027174417,0.7966526879083367
2MRS_0014,2MRS,0.1440904522613065,86.46694805185778,2.6089262815714873,-0.74679905208101,38.87862862286938,-49.215838968960966,313.482209816929,252.75525392482905,-466.77746244944285,616.4718271819492,0.75,11.649625233797089,0.6076758408641632
2MRS_0015,2MRS,0.06357286432160804,36.42297697685708,2.287980976338232,-0.5451878880845042,201.64919254004172,-18.84616287766095,-244.05790128029548,-96.87183006925147,-89.62576554011673,277.4548404460812,0.75,9.999596737581733,0.9181344453444716
2MRS_0016,2MRS,0.08204020100502513,36.760298759734106,2.7170482435601357,-0.5476805971249881,177.84613929454162,22.013893751303907,-330.2261222904243,12.419698363401196,133.60756466324767,356.4470817465786,0.75,11.124526901848782,1.1123114121992386
2MRS_0017,2MRS,0.10715577889447235,17.410478160634998,2.4079381199408054,-0.3728975673762055,62.744014088426326,50.37081633505311,135.1540620443375,262.3504896349964,356.3661685755674,462.69995245735294,0.75,12.514974169871376,0.7622097976872142
2MRS_0018,2MRS,0.09681407035175879,22.878417114583595,1.8580452889103247,-0.4328896347000318,77.16634193476999,-40.35551319372671,70.94151540269792,311.40339345546585,-271.3879524939184,419.1135798587922,0.75,10.92073052663844,0.7861881002282947
2MRS_0019,2MRS,0.09533668341708543,24.09312743446302,2.407321640702982,-0.4448643003649823,263.9501573450821,27.714274846620942,-38.521663475145,-363.4673166231458,192.00951844666236,412.8680951396482,0.75,10.192986768381436,1.1253378083344718
2MRS_0020,2MRS,0.09238190954773869,18.533995131211356,1.9224784527176209,-0.3853113308478531,93.57223028483962,-12.756341028950475,-24.329632123347448,389.7225091658726,-88.40230314934874,400.3630007279774,0.75,10.704951531357136,1.145961501274161
2MRS_0021,2MRS,0.12636180904522612,35.36231937498468,2.4754818763537823,-0.5385012812946138,128.6651817641948,-19.71813982776799,-319.37537725266475,399.1424766112943,-183.21517679959294,543.0314440622989,0.75,12.619533327268808,0.6126429254482773
2MRS_0022,2MRS,0.13301005025125628,56.61658309366829,2.4734635452676157,-0.6535209753879448,279.0284174070342,13.589694582946143,87.04206179608478,-547.8033446027524,134.08450705984274,570.6518026898332,0.75,10.963079848111324,1.1619110193522513
2MRS_0024,2MRS,0.056185929648241206,36.343105374975735,2.2231177458184055,-0.544558225909369,283.3597763927968,5.035075642626563,56.54295822758981,-238.08378406031648,21.5599553299108,245.653874448245,0.75,12.918440673389197,0.6213481213745459
2MRS_0025,2MRS,0.028854271356783916,72.75024635285854,3.00896917286028,-0.7167209301680132,4.105241130303319,74.84960759218309,33.102489084179055,2.3758595496539976,122.57014301796195,126.98369758205784,0.75,11.925825493385949,1.2067346725661698
2MRS_0026,2MRS,0.1182361809045226,62.92666448765811,1.9279408594375405,-0.6789140722511314,260.68875156778165,-64.0206105997939,-36.0855242295474,-220.09021886148903,-457.69471237886836,509.1427297300772,0.75,9.561871793226445,0.9562712891922273
2MRS_0028,2MRS,0.11084924623115577,66.52180929054303,2.3684189327636385,-0.6920510175178386,240.06152658395436,-28.027690127773432,-210.67041724220542,-365.79845939973416,-224.7102373292016,478.2104435923268,0.75,11.571019177337133,0.8191993059558454
2MRS_0029,2MRS,0.10198492462311558,61.25250742583604,2.716774680577414,-0.6732698965105269,359.8477316942974,28.51052405400608,387.46178650982307,-1.0297143900390338,210.46748716415993,440.9356636407454,0.75,11.002881202851048,0.4234382546270215
2MRS_0030,2MRS,0.05249246231155779,32.14426313292259,2.65775236603404,-0.5134922421125835,255.8109192140338,56.067914782186975,-31.431163643611523,-124.31436668433548,190.5902053631798,229.70983042198685,0.75,11.976304596085946,0.8684147490516169
2MRS_0031,2MRS,0.1492613065326633,72.85173203105374,2.260466634130999,-0.710519893564493,164.76388768799802,31.04512415963624,-527.2048618963578,143.595266492937,328.90260045427823,637.7628772137195,0.75,11.085550085414273,1.205032721653523
2MRS_0034,2MRS,0.1492613065326633,32.62233067009882,2.0007497157605454,-0.5191589542357037,355.17116478382593,28.075836256774824,560.7171183412271,-47.368925636192685,300.1566018516086,637.7628772137195,0.75,11.030926264733589,1.1505206639579848
2MRS_0036,2MRS,0.09681407035175879,19.77225152184667,2.6270388077142046,-0.3998115046416918,259.98778932962625,-19.15496433772976,-68.83199864306839,-389.87976775656074,-137.52132736031567,419.1135798587922,0.75,11.490527628054634,0.8899979615396971
2MRS_0038,2MRS,0.05249246231155779,20.805890979992242,2.335285592298339,-0.40850213860305246,136.30441014876507,-59.704569881253725,-83.78297009778092,80.05240806777527,-198.33968860680076,229.70983042198685,0.75,11.634486321349167,0.7577596525785846
2MRS_0039,2MRS,0.09312060301507537,67.52774912183483,2.0989036433633856,-0.696323891886556,137.38935484176773,21.465162194143968,-276.3609075202414,254.22166010034653,147.65166822262012,403.4910393038614,0.75,12.175010373574016,1.014064251501465
2MRS_0040,2MRS,0.11158793969849246,6.984885319675111,2.4873890340122364,-0.21284161372968946,226.33285669816775,-15.273182710847442,-320.59075437171606,-335.86445505833564,-126.7871665424753,481.3089959268662,0.75,9.60169918488636,1.0645369743149409
2MRS_0041,2MRS,0.12783919597989948,15.665511051507364,2.378849472685677,-0.35248086426763137,127.08686309844222,14.538924568746747,-320.5630004292399,424.0623250496962,137.86426736801803,549.1776115134987,0.75,11.281709960398597,0.8290248660524457
2MRS_0042,2MRS,0.14778391959798995,17.172594263809824,2.117832997524856,-0.3728086898845137,284.21890745992414,5.784829253557638,154.3690794703384,-609.2152205264932,63.66941187106011,631.6856747035428,0.75,13.794808812258236,0.6490188885671928
2MRS_0043,2MRS,0.12340703517587939,18.3071076683461,2.263921556543527,-0.38472051855234696,331.6373460538871,16.750555614265522,447.19966114406316,-241.42337916491886,152.9578559829814,530.7248728311907,0.75,11.725060525234642,0.7271117362940209
2MRS_0044,2MRS,0.06874371859296483,63.44360108129927,2.056588658928371,-0.6829677706186307,328.3177928608597,53.740180357505174,150.81402272417583,-93.07995211568664,241.61773083465746,299.6462494172015,0.75,12.529989383796055,1.0805602171344875
2MRS_0045,2MRS,0.09903015075376884,70.10697236702553,2.225548347457152,-0.7045407371190113,74.30163996177384,-2.557810004496377,115.8176670737196,412.0797496425348,-19.121626013292016,428.47297307210096,0.75,13.26249014624317,0.8501194359257902
2MRS_0046,2MRS,0.0650502512562814,61.554444026215485,1.9500187908673285,-0.6759634977097749,83.2292382075959,68.32285081553682,12.359091269762851,104.09825150537125,263.7306476776168,283.80107051937824,0.75,12.321876095911364,1.127956961230897
2MRS_0047,2MRS,0.14630653266331659,40.70406630844054,2.188342513588971,-0.5731864291361884,149.05306706763238,42.20105766743791,-397.4685272616704,238.32242201067803,420.2394464938716,625.6037079382382,0.75,11.611518781239841,0.4037440214404233
2MRS_0048,2MRS,0.13965829145728642,111.41130544060928,2.4295843483653825,-0.7940419003927774,187.75635221602545,-7.031268885209295,-588.2457547282409,-80.12315969307924,-73.22331509073302,598.17592942869,0.75,11.984907587446553,0.7605110959796642
2MRS_0049,2MRS,0.05840201005025125,26.448493810566895,2.127196727688071,-0.46545589679058536,11.067254461983765,66.18374655990293,101.13703064880355,19.782276820198984,233.47431216531453,255.2063711699117,0.75,13.056021009756012,1.0626675892506774
2MRS_0050,2MRS,0.1322713567839196,20.343003455001707,1.9203149715738121,-0.40826536962494964,230.27302763365358,28.90601978419876,-317.5670582678669,-382.1451862874375,274.35730519785074,567.5876239092901,0.75,10.93941562976469,0.9560967367540701
2MRS_0051,2MRS,0.034763819095477384,36.31282464292289,2.6095628925443854,-0.5441237497118528,195.44701489619385,2.3469913085376035,-147.13360771735097,-40.65726973557791,6.256364454506596,152.7758298896212,0.75,13.604494001624712,0.727632973947253
2MRS_0052,2MRS,0.1307939698492462,79.25909119647024,2.505805629958301,-0.7296231172192548,165.4935270628128,0.16368552323946156,-543.5539106872772,140.63811588000004,1.6039932830206494,561.4557028440986,0.75,10.958110638617924,0.8126216748019071
2MRS_0053,2MRS,0.09681407035175879,11.599833152160153,2.419900836372159,-0.2922914612371465,67.77147528765605,44.93680994936077,112.23632935992391,274.6358122144915,296.0310285141566,419.1135798587922,0.75,11.226514439078423,0.8226458336397695
2MRS_0055,2MRS,0.135964824120603,19.59204259132634,2.2141595036877235,-0.40021210293127407,214.03678917837388,59.36456847871576,-246.14128239834204,-166.2544410289078,501.5400459452633,582.8966355618393,0.75,14.049250251540998,0.8730299665095583
2MRS_0056,2MRS,0.12488442211055276,19.5062157308603,1.5886150729569322,-0.39857413461420205,313.1845427680697,-0.3942994363382068,367.4057164991632,-391.4589288604215,-3.694687837294441,536.8805306760779,0.75,12.831894279658894,1.3521459202206088
2MRS_0057,2MRS,0.13744221105527638,33.93403645672492,2.68614666824025,-0.528545034640938,236.66540776073086,30.580489232647682,-278.6594788441016,-423.66087835564736,299.6588015181166,589.0119203598675,0.75,10.877541855507578,0.6636277529980478
2MRS_0058,2MRS,0.11971356783919597,30.06458834145794,2.692502182826728,-0.49868029924767693,183.05980446373218,-14.53824777636724,-498.103612991482,-26.62587387926785,-129.35757946351958,515.314981151978,0.75,9.353123870965241,0.9600386234173423
2MRS_0059,2MRS,0.1145427135678392,59.743421139167545,2.1351685812842867,-0.6668991626924765,120.24659542888838,-40.17334792983167,-190.01813617447758,325.8739740013629,-318.48145631729136,493.69137831710816,0.75,12.352825668201879,0.9273431030943649
2MRS_0060,2MRS,0.019251256281407034,45.4924400889114,2.6609580843807854,-0.6020781774199524,210.7924388921987,-46.35345910886746,-50.3467593178783,-30.00368766777916,-61.44551595488963,84.91506861824116,0.75,10.232613129313737,0.5766984906673082
2MRS_0061,2MRS,0.07613065326633166,22.25855021208363,2.277194713866065,-0.4254233757469899,119.3408087752706,29.07861009921659,-141.85421043956842,252.35989688402012,160.99007128051272,331.2490567920929,0.75,11.152917339888957,1.0226755134998717
2MRS_0062,2MRS,0.028854271356783916,25.824339132353916,2.1197019784683984,-0.4583441958801824,27.161472060419275,60.01723607274161,56.460756086394156,28.96890946828732,109.99020300909714,126.98369758205784,0.75,11.703551800113411,0.6930972423679385
2MRS_0063,2MRS,0.07317587939698492,21.268663266354594,2.3841597049767245,-0.4147941528146944,212.27940344730573,3.620448091394123,-268.84255061468883,-169.81997058225437,20.11992436515037,318.6219559070414,0.75,11.054805684654722,0.5321085889252612
2MRS_0066,2MRS,0.09090452261306532,23.94476276951822,2.224210822557081,-0.44320199787326375,68.86404849215471,-0.6430315050275026,142.09769596326754,367.5679101229596,-4.42293623648444,394.10339520889863,0.75,10.825305092843672,0.989987860107898
2MRS_0067,2MRS,0.04362814070351759,189.7696371624571,2.6678427520412225,-0.8676511921132433,342.552135330968,1.5716263304559621,182.45443442540272,-57.34518842331034,5.24742360729243,191.32596982979837,0.75,12.643224210497785,0.5574206410416089
2MRS_0070,2MRS,0.025899497487437185,52.50270101071005,2.5962741945716976,-0.6383966783186623,284.875214007345,-48.9365350282205,19.234469052705983,-72.41450266033306,-85.99930943505623,114.0600991521112,0.75,15.051237007760246,1.0845301760100847
2MRS_0073,2MRS,0.053969849246231154,41.647462597256755,2.350165355661037,-0.5791763306450324,69.78674770321572,-75.21235975497345,20.82046802597974,56.54801070039285,-228.27123565666838,236.09092831198495,0.75,11.402124306679992,1.0888774756695947
2MRS_0074,2MRS,0.03550251256281407,14.208100998203902,1.495330704155701,-0.3253156416352904,116.10152137050062,67.52382204732393,-26.237921004873513,53.554660916471036,144.14509607488392,155.99467595714185,0.75,10.939914858996648,0.9354572039468886
2MRS_0075,2MRS,0.042889447236180905,51.79793942648444,2.856398538081468,-0.6345236555989607,161.55518512186504,-78.51979396219278,-35.51796179021664,11.846116565411085,-184.35618519345252,188.11979987894722,0.75,13.064014335609702,0.9338319424531575
2MRS_0077,2MRS,0.056185929648241206,78.42815497582995,1.956310384000309,-0.7317428739179794,231.2654076976715,-65.90573896760411,-62.75001287467777,-78.22798123210686,-224.251298475641,245.653874448245,0.75,11.040267658064117,1.1245604059155252
2MRS_0078,2MRS,0.10789447236180905,38.84702398465451,1.9564642266494825,-0.5616293951635976,158.95153748985905,34.67447981889907,-357.51637983146423,137.58474999375204,265.00231451995796,465.8044138687114,0.75,12.444770104273177,0.7745260010589224
2MRS_0079,2MRS,0.03771859296482412,48.151868111527286,2.667771463130816,-0.6162590859193923,104.53116235080935,-74.45238769322995,-11.140035088834022,42.9788739347231,-159.5830616240995,165.6443103272745,0.75,13.072705999574195,0.7196787688716172
2MRS_0080,2MRS,0.11602010050251256,27.12441625078181,2.7200565062899154,-0.47379015555205195,317.40740421722353,-79.54263712883777,66.79349901878197,-61.403842572346015,-491.57266244465166,499.87547034911097,0.75,13.497908908729427,0.9182446366803333
2MRS_0081,2MRS,0.07243718592964823,14.628772085310636,1.9802067509018977,-0.33431341658105646,233.57143340338106,-10.81259259190194,-184.0020250924521,-249.31393474049577,-59.1798361079135,315.46225811604,0.75,12.157820410713429,1.062921789450049
2MRS_0083,2MRS,0.054708542713567836,10.42306399690524,2.4303466615655567,-0.2694922152338346,257.0768812634035,27.91860971016966,-47.28511227077064,-206.07550578900756,112.03480190713483,239.27973747692388,0.75,12.551952341859511,0.7073345089370935
2MRS_0084,2MRS,0.08056281407035175,27.328261546897334,2.2915773222319897,-0.4742722070482217,173.13600596153523,39.30475571150757,-269.00334067514103,32.38147077069355,221.8037183796497,350.15460361203054,0.75,10.975291451696577,0.8107071792904246
2MRS_0085,2MRS,0.14261306532663315,51.70203482699106,2.297821420211556,-0.6315190230043868,252.80611606596565,-53.94575642311111,-106.19308351603651,-343.1841032526176,-493.46625791903523,610.3779545630421,0.75,11.741418727599406,0.885925310265775
2MRS_0087,2MRS,0.15,41.28753272333984,2.5130247145675773,-0.5766643756692835,81.84569025236192,41.37021394394086,68.2094105975293,476.0292036055086,423.51849818181546,640.7996915429482,0.75,11.50201351125426,1.1399133549385996
2MRS_0088,2MRS,0.1012462311557789,117.33254408145147,2.0837799737240394,-0.8051825399725481,277.2839437842085,-25.063245988852213,50.283173820799206,-393.396249772233,-185.46936756875078,437.82175963593016,0.75,10.867234234201398,0.642562152028061
2MRS_0089,2MRS,0.025899497487437185,37.55457035582491,3.024161598946713,-0.5526709033141298,96.04565399960826,52.0350556619932,-7.390092518580672,69.77715279163615,89.92353251206784,114.0600991521112,0.75,11.411767231948895,0.7629094675589163
2MRS_0090,2MRS,0.04584422110552764,31.587738458904457,2.7034983503656465,-0.5089433875851862,245.812347105811,28.75778315989028,-72.17503573992713,-160.68934253663045,96.67263464790503,200.93754969811297,0.75,11.539699150692162,0.7473161295053667
2MRS_0091,2MRS,0.08204020100502513,12.943789959938169,2.5922649803779665,-0.3112611602845638,94.4108841634572,5.435775541194467,-27.290506376350663,353.79315105064217,33.76620525069326,356.4470817465786,0.75,11.826589584212893,0.9032126084182585
2MRS_0092,2MRS,0.10937185929648241,35.230978939994074,1.8842864544026585,-0.5373755828120002,22.890353995119135,1.3720021843398746,434.7147831578517,183.54447473186997,11.301645315863215,472.0097923639102,0.75,12.8017098883545,0.7873997247721953
2MRS_0093,2MRS,0.03550251256281407,111.58633571623598,2.742549755656876,-0.8016190998464509,228.5289502503462,38.16072534877217,-81.22762533383742,-91.90465925729741,96.38436292469582,155.99467595714185,0.75,12.166998804999766,0.6884926674008583
2MRS_0094,2MRS,0.05914070351758794,67.00033215929916,1.8931422759247698,-0.6961873765107338,279.29775681602723,-19.969115261453926,39.236605768541196,-239.66250525032777,-88.24307884590671,258.38821300381375,0.75,11.819010386418316,0.8202971677937504
2MRS_0095,2MRS,0.061356783919597986,58.58639499389599,2.542952145935338,-0.6642443192913868,11.282291766251369,6.921923912470913,260.83402420400614,52.03595227548857,32.289650084302615,267.92676240763944,0.75,11.036134227198596,1.2699025567486322
2MRS_0098,2MRS,0.053969849246231154,64.11002895128668,2.7579653906364214,-0.6861108614874104,188.4527104606331,9.499508780863435,-230.32405223236657,-34.22783833545001,38.96424614129208,236.09092831198495,0.75,13.540242969786712,0.467999413363688
2MRS_0099,2MRS,0.07317587939698492,44.03929709172191,2.3551817416967635,-0.5931697628676488,3.4363057144559583,20.124236435504354,298.63180971983775,17.9319030460911,109.62408431831419,318.6219559070414,0.75,10.70134766522277,0.7747226421331166
2MRS_0100,2MRS,0.09755276381909547,26.302624157973803,1.9615989024590264,-0.46573276317084616,280.0924124173444,-36.60788124193396,59.39507198778979,-333.6979833592247,-251.79337034765788,422.2345556979923,0.75,11.164053120102748,0.9511583339790692
2MRS_0101,2MRS,0.07613065326633166,52.62801449136362,2.454881410917489,-0.6375534350610383,143.29314967686315,54.32131773874301,-154.8871453621222,115.47812968457623,269.0738028715843,331.2490567920929,0.75,12.725948225827475,0.7186362946322309
2MRS_0102,2MRS,0.04436683417085427,33.67350725535104,2.7943447295756103,-0.5250491509930627,127.01437269532236,-30.882863923833614,-100.5065107945346,133.30705591360154,-99.84975849912449,194.53098504037212,0.75,11.221508514824952,0.88002339617084
2MRS_0103,2MRS,0.04584422110552764,47.93333780789201,2.7060309321895675,-0.6149479602187335,43.382188624805046,-27.337633075968427,129.7287904220884,122.60204863994242,-92.27717747955171,200.93754969811297,0.75,9.809435182263053,0.6228406760551768
2MRS_0104,2MRS,0.012603015075376884,27.545800955643745,2.37529599162639,-0.47355982169174404,233.801136555893,-6.938099341588564,-32.641837178886455,-44.60127108907249,-6.7256874188421705,55.67762376781035,0.75,11.874232166503523,0.8328858694010967
2MRS_0107,2MRS,0.05692462311557789,56.13392298472773,2.424688588638257,-0.6539958266214009,336.7222464747471,-52.616983813031744,138.78236100348732,-59.70525797939784,-197.72629230180846,248.83920154089253,0.75,12.1103039743828,0.5838455481157806
2MRS_0109,2MRS,0.0739145728643216,67.40368276218682,2.0728204719167804,-0.6968412171124211,79.06695625163375,-19.950061601232676,57.367088503222526,296.98056184438013,-109.79181917374932,321.78048498040016,0.75,11.091405546571558,1.2863231413272807
2MRS_0110,2MRS,0.13301005025125628,60.297775454163784,2.5141744682173908,-0.6683785476046504,208.20663576409817,47.74284840617688,-338.1704286504088,-181.37582186016147,422.3589141288557,570.6518026898332,0.75,12.304362091207356,0.6814195158585818
2MRS_0111,2MRS,0.13965829145728642,47.06914693215513,2.4234469209096616,-0.6088111858721784,355.97436205286584,17.241867006373166,569.8855808920974,-40.106541549734764,177.30294008863277,598.17592942869,0.75,9.550606617670505,1.0509608375658086
2MRS_0112,2MRS,0.07613065326633166,79.22242117728752,1.8378493331748604,-0.7327060675727818,227.26551757659567,34.303381612711554,-185.68803646275845,-200.98536229997185,186.68362242415787,331.2490567920929,0.75,11.173866934006941,0.5678090253897707
2MRS_0113,2MRS,0.13965829145728642,66.05364412648775,2.2133397971621798,-0.6891400664190642,214.37884185948496,-18.122312472880466,-469.19825371326806,-321.0123159393867,-186.06056614857488,598.17592942869,0.75,10.808565279604167,0.73804153714651
2MRS_0114,2MRS,0.09238190954773869,15.605342934538477,2.4870857845582734,-0.3489991214038113,20.31104740259122,-31.313478401484957,320.77711095463206,118.72937482626925,-208.07669978369358,400.3630007279774,0.75,10.745927183455844,1.1463161230774808
2MRS_0116,2MRS,0.12045226130653265,76.56973411618065,2.456933020069869,-0.7228352606019449,130.69286715868535,20.423896043138626,-316.7506908344544,368.349397408,180.9021460139556,518.3993298099404,0.75,11.053907957860236,0.9611453039518135
2MRS_0117,2MRS,0.13005527638190953,19.585151155615122,2.295683601007633,-0.3997757769607042,13.519188613338704,-37.18043063823041,432.5609010294882,104.00191304866931,-337.448935191412,558.3879609008807,0.75,12.425676755404409,1.298801291286148
2MRS_0118,2MRS,0.06800502512562814,80.16183603719115,2.20155448260372,-0.7357213593055626,221.07663943725066,33.49277500543052,-186.38534702785603,-162.4605253073887,163.60684980182717,296.4795459587805,0.75,14.25340281157257,1.0578535003126686
2MRS_0119,2MRS,0.12045226130653265,47.651117443056386,2.876139410972316,-0.6121280625133353,110.7382871141736,-49.57471594153467,-119.03389194700475,314.3785533206518,-394.63264300784624,518.3993298099404,0.75,9.353217827246269,0.7116751235192145
2MRS_0120,2MRS,0.07095979899497487,17.16750766578092,2.5928205448401185,-0.36729203454218406,160.20681634369072,56.253510785325474,-161.58707857458924,58.15321354784827,257.05050521407884,309.13935763507254,0.75,10.27303031963977,1.0461183732636168
2MRS_0121,2MRS,0.1403969849246231,65.10738590716198,2.059516372425662,-0.6858223838677749,17.589554420809822,-82.00205879794767,79.7422523596615,25.279732710031308,-595.3801149059323,601.2282203312514,0.75,8.407017939303584,1.0991883382811447
2MRS_0122,2MRS,0.07982412060301507,26.638956997714846,2.0638815429658806,-0.4680696839849967,120.71339256248993,-66.86990588953888,-69.62011321825591,117.19122611033787,-319.1125843748399,347.00660677882837,0.75,12.21100296421688,0.9596084785160082
2MRS_0125,2MRS,0.1448291457286432,38.72844610755593,1.9689172948316727,-0.5609841656646287,344.7602645116536,-4.81902153036241,595.6183448278049,-162.26956852440475,-52.04479285312539,619.5169779978876,0.75,10.386351897446094,0.9232278218516394
2MRS_0128,2MRS,0.10420100502512562,16.44760018484812,1.8236212575569621,-0.3607365458048996,355.38324607286427,-25.836896775130437,403.9456028547007,-32.619577167986925,-196.23265306166306,450.27029771892,0.75,11.705493147639126,0.40392038852989665
2MRS_0129,2MRS,0.12636180904522612,88.62392732203048,2.721829594759064,-0.7528057998832622,346.23311029331217,-49.575004412111795,342.0138610820699,-83.79712304943358,-413.385667672161,543.0314440622989,0.75,11.207310679832514,1.0119044709616967
2MRS_0131,2MRS,0.06578894472361808,14.99517113274674,2.3311596087152835,-0.3387481703765621,36.025304181126764,26.53112268078186,207.64998289179525,151.0067040204004,128.18595904826998,286.9724379643321,0.75,11.266102255886953,0.9852252301382103
2MRS_0132,2MRS,0.12045226130653265,75.84409377531036,2.411653806675102,-0.7207797692709286,173.7976829327657,31.307093716583427,-440.3249620816874,47.85261566465588,269.37319853542715,518.3993298099404,0.75,14.062030372074142,0.8256071773750285
2MRS_0133,2MRS,0.04584422110552764,32.54502134998554,2.5193841342788184,-0.5164616075343849,179.32226960743154,44.433067497871534,-143.47318909035408,1.697169963001827,140.67147011758215,200.93754969811297,0.75,11.695717709089422,1.0432431571986391
2MRS_0134,2MRS,0.14630653266331659,76.90637471374001,2.6853821420236597,-0.7223699716991102,317.60997865062404,16.186548140348492,443.73765814455754,-405.0464661017778,174.39681886123302,625.6037079382382,0.75,9.137260246522493,0.8988147543555487
2MRS_0136,2MRS,0.13448743718592965,30.69117736212281,2.182323624061021,-0.5040615788830124,295.1502789358906,11.960933628512114,239.80464041864755,-510.76082835662334,119.53389575851453,576.7765959061345,0.75,12.48093020506245,0.9036423054592536
2MRS_0137,2MRS,0.05323115577889447,58.13109656821399,3.0055869072202426,-0.6626630399484075,274.2105063238303,60.7263181480182,8.361510201275182,-113.57696580890394,203.1581028868163,232.90095917314983,0.75,9.277331685486303,0.940413704271802
2MRS_0138,2MRS,0.11232663316582914,24.045459691062423,2.3578457917317994,-0.44520786867431145,266.5156204252401,32.17300461494074,-24.919724972114224,-409.2649639304703,257.9355032117802,484.4063657827065,0.75,12.817966194285843,0.7206203954377749
2MRS_0139,2MRS,0.0739145728643216,14.081770628441813,2.101526223951362,-0.326864023278001,238.46904492479496,-16.00849107576325,-161.75236468879467,-263.6360482073083,-88.74056072303425,321.78048498040016,0.75,9.667349527167628,0.9109711667169685
2MRS_0140,2MRS,0.13005527638190953,76.0469227721055,2.174694127915241,-0.7208351937471031,265.13781942278916,26.22257818149481,-42.45769208559621,-499.1184991665903,246.72896678642846,558.3879609008807,0.75,12.452862131660149,0.7907989906224375
2MRS_0141,2MRS,0.05987939698492462,69.04961184317165,2.3982830537470288,-0.7031020732142258,294.8911590391435,2.7900559220267453,109.9627562627322,-236.99022730345106,12.732237097848312,261.568892385456,0.75,10.445933459058267,0.8908886840548186
2MRS_0142,2MRS,0.09385929648241205,47.172570969475444,2.438123874386455,-0.6100811506632927,154.72048094189284,24.646926956848578,-334.1808632977378,157.82044713988893,169.56997025827116,406.6179014052957,0.75,14.002352149780155,0.8959112125354908
2MRS_0143,2MRS,0.042150753768844224,204.96737837731138,2.3339167018251326,-0.8736880106011751,327.9837063750055,39.67419194152077,120.676793790845,-75.45495593047953,118.05204229268385,184.91247557583114,0.75,12.121175953548065,0.9459021779324486
2MRS_0144,2MRS,0.08868844221105528,35.59175859907741,2.238724320527825,-0.53965825681097,188.6757167687849,26.46923223382543,-340.43759882602853,-51.946619033400935,171.46969970379632,384.70517001977413,0.75,12.160512220778429,0.7024150804394953
2MRS_0145,2MRS,0.09903015075376884,17.769409134961087,2.662660359348377,-0.3766761332445039,65.54267626664513,-2.9015527841172224,177.1669661486643,389.526030992114,-21.68930470194979,428.47297307210096,0.75,10.4309440309577,1.2203777935328621
2MRS_0146,2MRS,0.09681407035175879,17.815402758115965,2.5341904455230524,-0.37707528818379193,283.5406048652791,25.749879676244316,88.38462765963939,-367.00247713212116,182.08111432657154,419.1135798587922,0.75,12.199926903990377,0.8390260935809939
2MRS_0147,2MRS,0.11971356783919597,23.061826304462002,2.041132038866667,-0.4358980167061402,51.769973077989405,8.170649805380277,315.65032296695546,400.6877411755652,73.23754148074265,515.314981151978,0.75,9.186523594603361,1.0523171752017602
2MRS_0148,2MRS,0.06726633165829146,60.37333202180485,2.198331497281563,-0.6712425611828438,138.52905377938032,25.178264148733245,-198.8947401718592,175.78748167991415,124.78534730513938,293.31167601284096,0.75,9.93534092970421,1.0104036405314334
2MRS_0149,2MRS,0.054708542713567836,33.03362603298202,2.694266721194311,-0.520403969330359,285.71214246753834,78.27314194319426,13.169957478330037,-46.815528259321134,234.2854056505554,239.27973747692388,0.75,11.66685222639333,1.1511010349748956
2MRS_0150,2MRS,0.0340251256281407,19.05830960720927,2.1180301879657772,-0.38742317373645574,177.86290532510654,61.468211487287334,-71.3851000274596,2.6638524779269783,131.39261328778454,149.55583386330292,0.75,10.549160670694354,1.1394050573471852
2MRS_0151,2MRS,0.12192964824120603,49.09166200284752,2.690078544787583,-0.619397208978505,270.2206191038645,8.73078664636261,1.9964410841010294,-518.4822204216521,79.62466105192104,524.5644720318011,0.75,10.039735939343554,0.7386014700153833
2MRS_0152,2MRS,0.12562311557788944,41.36911036306772,2.471476190331714,-0.5772257325018014,259.9701990380175,-44.665516622469795,-66.88269948738373,-378.16036223283743,-379.57153975431464,539.9565805194449,0.75,9.39260726992675,0.9951554889147034
2MRS_0154,2MRS,0.06948241206030151,52.67612733697116,2.4693197007192724,-0.637964244236148,13.636869496503202,50.45745290959614,187.35071897900121,45.45254409535233,233.51392273812917,302.81178606394695,0.75,13.32191426623745,0.9096459130358628
2MRS_0157,2MRS,0.053969849246231154,28.871966693840758,2.634761710504815,-0.4867675896831129,330.5622915879572,58.843371035992554,106.37804090838837,-60.03321949270806,202.03626258928966,236.09092831198495,0.75,10.77888422716032,1.2608284371412621
2MRS_0158,2MRS,0.12340703517587939,53.16181634189641,2.662586890260015,-0.6387213544223997,184.25514163695806,19.448440746098356,-499.0630506622576,-37.13182379585498,176.70933695466715,530.7248728311907,0.75,11.981064631928938,1.182122203199921
2MRS_0160,2MRS,0.053969849246231154,18.341197361619525,1.96261580892453,-0.38035162972838,337.6194685855042,17.020390459558797,208.7457618100157,-85.95582613063513,69.10665171870973,236.09092831198495,0.75,12.112796891540391,1.170151269828151
2MRS_0161,2MRS,0.03180904522613065,26.695833317990818,2.4259328489528165,-0.4666050106589534,344.43560126197536,36.96874124831052,107.6676714071788,-29.98925095548488,84.12630822021075,139.8889501493137,0.75,11.871692221989816,0.9721896898132921
2MRS_0162,2MRS,0.13744221105527638,23.004198150045728,2.4717844679376157,-0.4362013695815411,289.96339327634035,-6.3770473492843625,199.8559619459185,-550.1932331808479,-65.42203728634283,589.0119203598675,0.75,14.934915607894354,0.2502601067182346
2MRS_0163,2MRS,0.06357286432160804,14.661482031535648,1.954598170202923,-0.3340223665921848,220.85587297051686,41.4437884645682,-157.3084872325885,-136.05296738837635,183.64318227577178,277.4548404460812,0.75,13.389138431672732,0.6448168246795789
2MRS_0164,2MRS,0.08056281407035175,21.700255710747452,2.6104672329992678,-0.4198240531552126,266.9590299527035,-64.47262812378285,-8.005058274416758,-150.68392505693953,-315.97234088153357,350.15460361203054,0.75,12.994047481412945,0.7453293016448517
2MRS_0165,2MRS,0.060618090452261304,13.787244682626213,2.5445991958333845,-0.3215687009318384,297.79585941257466,14.61863525482398,119.46150081544887,-226.61859263842248,66.81828600571974,264.74840896829,0.75,10.673381141576684,0.5938805173260385
2MRS_0166,2MRS,0.049537688442211056,25.847195973861705,2.7899108960246233,-0.4594955385159055,182.8463737965131,53.01073182090131,-130.3604945149716,-6.481459022036328,173.27542783544968,216.93372659132652,0.75,10.982104894537178,1.229562620985054
2MRS_0167,2MRS,0.14335175879396983,38.68274063383629,2.3933538251516406,-0.5606898854621992,46.70681798207853,18.437127359534415,399.054140410823,423.566939478756,194.004298052901,613.425485989472,0.75,10.229811658768451,0.6561084406738724
2MRS_0169,2MRS,0.07908542713567839,53.35329769159775,2.215529492760989,-0.6408344567111407,99.19681863147055,-49.38390908253231,-35.77663384087075,220.96934851153634,-261.01823211597514,343.85743849384096,0.75,11.804826854500446,1.1058763840940935
2MRS_0170,2MRS,0.1271005025125628,37.60299601430024,2.562983672721314,-0.5536493709972292,82.89098232412482,37.97279869884051,53.27721058763965,427.1868266776702,336.0115433427922,546.1051211209639,0.75,11.781681293033369,0.908251744135905
2MRS_0172,2MRS,0.10272361809045226,22.827246876033055,2.1374080259837096,-0.4326790863452316,258.0471874185382,-35.51705102208281,-74.8543220242901,-353.5935863920267,-257.9677831720489,444.0483881493018,0.75,10.90321009719306,0.9791304314898789
2MRS_0173,2MRS,0.06948241206030151,37.047492916346755,2.1961534194511465,-0.5495347519361845,134.51700473436202,-10.8106007654029,-208.53976072043935,212.08565711348376,-56.79630291349304,302.81178606394695,0.75,14.291256867379307,0.7264580531326985
2MRS_0174,2MRS,0.1455678391959799,26.8701811839115,2.16152495486826,-0.47263132882572123,34.16856315543239,44.27607530049241,368.80350102840737,250.34289876671588,434.61998637746416,622.5609382963886,0.75,12.782224301961744,0.84231387723301
2MRS_0175,2MRS,0.08204020100502513,38.21026049403723,2.6867016916636577,-0.5573981380740791,2.8156177255255477,-3.680386499310208,355.2825423764259,17.473291343713537,-22.880586920201694,356.4470817465786,0.75,12.032198510315723,1.1899889024693517
2MRS_0176,2MRS,0.12414572864321607,16.120125043881092,2.721921804299384,-0.35804796509934167,218.0784072984666,50.42152598513285,-267.7191914746836,-209.75578409480468,411.4303136696309,533.8032947176099,0.75,12.362435603464867,1.069831573777522
2MRS_0178,2MRS,0.08868844221105528,24.62661002566768,2.0273489381490806,-0.44970477756673327,268.41821397940976,2.5843313560890904,-10.60854994223176,-384.1674545383599,17.346278609076055,384.70517001977413,0.75,12.765434103923084,0.8037709665567544
2MRS_0179,2MRS,0.08573366834170854,21.539618089913816,2.8526417161332525,-0.4184204868961706,259.4095212948811,14.490126585040933,-66.22244015995035,-354.18198513341594,93.11877032073802,372.1577562806287,0.75,13.760897390897407,0.8609914487919695
2MRS_0180,2MRS,0.015557788944723618,29.762216971160868,2.4859690247520088,-0.49307745716982326,181.45528595408163,14.949769004672072,-66.33725570518098,-1.6852976441314333,17.718410651207687,68.68343176231596,0.75,10.543442946618642,0.8804382894118158
2MRS_0181,2MRS,0.07760804020100502,29.10301013530778,2.0504303989655925,-0.48950697336164734,247.10583098160086,53.634433518812735,-77.86382711401377,-184.3818408392113,271.8167336576979,337.5555887560405,0.75,11.037724592865159,1.0894844307118676
2MRS_0182,2MRS,0.12119095477386935,17.38974810105307,2.728329293330687,-0.3736245293374271,119.07099727522136,-22.387715899571273,-234.2865194087499,421.43166188530546,-198.61815680550694,521.4824935018374,0.75,11.744258358139533,0.8337070789113495
2MRS_0183,2MRS,0.13818090452261306,18.385562341964192,2.5720402939713525,-0.3866005567401979,140.39070010679927,-47.98476946062156,-305.30385277740777,252.65279303100564,-439.88677966674396,592.067779289395,0.75,11.196315279446049,1.0473995989693654
2MRS_0186,2MRS,0.09607537688442211,26.689882247308887,2.6062706898018395,-0.4691718280964929,210.0114898718353,-29.886249568076785,-312.31439926353306,-180.39831923695337,-207.28007416632983,415.99142625450645,0.75,11.439993774896683,0.9144447355366242
2MRS_0187,2MRS,0.09976884422110552,62.95187629846432,2.990713256911368,-0.6797838955899178,195.73581154247773,39.43014927547805,-320.86667447636216,-90.40798929353771,274.1190584972669,431.5904141069959,0.75,10.713499902692005,0.8404928543893709
2MRS_0188,2MRS,0.10789447236180905,31.78641185949836,2.304259540027096,-0.5119738197705987,128.5999288578319,8.560220155881872,-287.36806290071894,359.98067157634443,69.33443946341724,465.8044138687114,0.75,11.901787230159973,1.051966583802141
2MRS_0189,2MRS,0.10272361809045226,64.45302178265794,2.4655080880639106,-0.6851425335207806,297.2376012668574,54.685427264312395,117.48177251997173,-228.22627208755722,362.33930627600273,444.0483881493018,0.75,10.515499693327065,0.9249775443925905
2MRS_0190,2MRS,0.034763819095477384,19.706527947180923,2.2093338885952294,-0.3949955295725964,212.8756326088925,6.921384864201385,-127.37384265189337,-82.32501293662666,18.410612470459554,152.7758298896212,0.75,12.93164682597478,1.320309045040736
2MRS_0192,2MRS,0.08647236180904522,6.269001885954229,2.089478610934472,-0.19578385589762523,301.04203310333963,21.691490765142333,179.82366957381305,-298.78012884479597,138.71282778013355,375.2963710486231,0.75,12.40471379363155,1.0673393468124028
2MRS_0193,2MRS,0.05323115577889447,59.18462798069042,2.22828060211305,-0.6670207435597205,278.91749709119057,-13.227385062332667,35.14465205890196,-223.98152943694762,-53.29150670151562,232.90095917314983,0.75,10.379604002817214,0.708677679962089
2MRS_0195,2MRS,0.12119095477386935,49.53256264404419,1.5366922954236664,-0.6215970709857743,288.5840451339509,17.831913417139365,158.20992663451344,-470.54468884491115,159.69128324063772,521.4824935018374,0.75,11.808857884932637,0.7424818433756424
2MRS_0196,2MRS,0.06800502512562814,44.96988540924563,2.4457863148400367,-0.598492932997881,307.0219154837512,3.34775479816657,178.21175937945034,-236.30687962667335,17.31325018332578,296.4795459587805,0.75,12.210586186351224,1.0437906171011753
2MRS_0197,2MRS,0.1448291457286432,81.38646731264897,2.6715335389056767,-0.7343772404843012,99.63277793116488,-34.99250992847221,-84.92558251501195,500.3691825007004,-355.27399660783203,619.5169779978876,0.75,10.02758584435494,0.9385162634955185
2MRS_0198,2MRS,0.11897487437185929,227.4264025563877,2.145281147474401,-0.8771192844978607,289.423202538964,-41.28045095073651,128.00744724465432,-363.02754758082904,-337.9409715684026,512.2294477255675,0.75,9.463154532646337,0.8542436313268293
2MRS_0199,2MRS,0.13301005025125628,46.78979438669052,2.237140804325815,-0.6074575406657216,176.80145960150037,46.79257288610273,-390.0833347256089,21.799075897232502,415.9366203792732,570.6518026898332,0.75,9.293635935781372,0.7148665447192916
2MRS_0201,2MRS,0.07095979899497487,31.83495697338608,1.9572665993722482,-0.5115033242350856,101.58533743832744,31.439318014325128,-52.969298080362805,258.3819783387388,161.24561752078245,309.13935763507254,0.75,12.63077095884838,1.0983066295166304
2MRS_0202,2MRS,0.08942713567839196,30.72456977435677,2.0585824404842548,-0.5031733305869645,182.48902449480983,43.69166522687646,-280.1693206202455,-12.178685982015386,267.91041185270217,387.83908697827627,0.75,10.835661075668922,0.6680105247080811
2MRS_0204,2MRS,0.09976884422110552,15.941214670332197,2.0460725487915123,-0.3539354980683612,0.5583403446143098,-53.438725654716116,257.07848696300476,2.5052776305006703,-346.66217081454755,431.5904141069959,0.75,11.573307906535053,1.0945385692527376
2MRS_0205,2MRS,0.08130150753768844,22.594062036627584,2.5960261440225616,-0.4291709219973415,94.21720306937029,18.620626190393715,-24.62094117879192,333.90083410528945,112.80931592701153,353.3014286988631,0.75,9.848553411808398,1.0826867517026804
2MRS_0206,2MRS,0.06652763819095477,32.30742181905797,1.8824661588716167,-0.5150779196602524,195.14835534667253,1.2905181555311778,-279.98985129915894,-75.80062131472613,6.534559591168782,290.1426399053992,0.75,11.145243692967053,0.5089468182331371
2MRS_0209,2MRS,0.1271005025125628,54.50371874185235,2.163542665317372,-0.6446188260144297,119.10832973359187,-44.88295608232532,-188.23305980038714,338.0723910087528,-385.36499185882394,546.1051211209639,0.75,11.529598549554784,0.6466437995020269
2MRS_0210,2MRS,0.08277889447236181,15.155743252079628,2.0935845975217093,-0.3422885567296061,137.8804358860485,23.55795456321756,-244.49598526928276,221.07076778097803,143.7202860260952,359.59156246426454,0.75,11.98547432080895,0.7174390894384353
2MRS_0211,2MRS,0.1448291457286432,82.67022177861956,2.658312805603729,-0.7376150258388449,13.974531582099559,50.56997606457201,381.8314562203939,95.02101633872522,478.5154454374532,619.5169779978876,0.75,10.99395202346738,0.9024054848465511
2MRS_0212,2MRS,0.14852261306532663,40.19366570409336,2.042851959163153,-0.5700917047342802,54.62556132406738,55.03427661311099,210.58245323117276,296.5984388665737,520.1538801413241,634.7248715569783,0.75,11.434384494429152,1.2950488871029435
2MRS_0213,2MRS,0.12045226130653265,28.44694668331452,2.4490058175069045,-0.48534751050970787,174.49413062052602,-22.712585381660205,-475.99294095559486,45.882120523260376,-200.15847802211104,518.3993298099404,0.75,10.47009067333816,0.5944781242089099
2MRS_0214,2MRS,0.03550251256281407,47.87682392043113,2.271378818080824,-0.6148499194179312,252.5121517468033,-28.42960929429902,-41.223714073125294,-130.84167193359653,-74.26574722314452,155.99467595714185,0.75,9.734422529831413,0.9305160618931589
2MRS_0216,2MRS,0.09016582914572864,35.64214524835506,2.283989292408106,-0.5400290165008768,39.90988955228761,-17.85981392710599,285.44457296184004,238.75243479811235,-119.90680363707301,390.97182879825715,0.75,11.98186934287758,0.8597253705948794
2MRS_0219,2MRS,0.055447236180904524,65.07780296235879,2.4770705816363314,-0.6895698708421042,127.80202808501552,-34.24129690216214,-122.85778806824283,158.37573002809265,-136.43139474554937,242.46738630827954,0.75,13.265631746485216,0.8739434270780093
2MRS_0220,2MRS,0.07613065326633166,77.8245902896087,2.687996034617465,-0.7288727637143788,60.0856109710921,8.488591056353096,163.3860309532824,283.971962666546,48.89649204486999,331.2490567920929,0.75,11.404248880158274,1.0147275389069195
2MRS_0221,2MRS,0.09312060301507537,93.07460853824321,2.4828747149920414,-0.7645640062363407,150.17446737390566,37.114190430739896,-279.1389116672794,160.02959604025128,243.46871499827452,403.4910393038614,0.75,9.14599136070376,0.9175389430870601
2MRS_0222,2MRS,0.13818090452261306,11.386993721434507,2.1474429442184233,-0.29262298133357406,81.89086347448446,-0.23118961924453563,83.51586923755784,586.14302652384,-2.3889988790085663,592.067779289395,0.75,10.35209108782187,0.8972340612597427
2MRS_0223,2MRS,0.11897487437185929,47.748849047128246,2.392089260697414,-0.6126562162613355,115.0058627709551,-15.472129719215229,-208.67822564800218,447.3923721706178,-136.64724871430374,512.2294477255675,0.75,9.8527848801131,0.9662343220833942
2MRS_0224,2MRS,0.11971356783919597,30.678228066161278,2.512713934471766,-0.5035873811281238,197.15675454286642,-51.147611454665046,-308.88050868844937,-95.35907407946796,-401.3091179411885,515.314981151978,0.75,11.597989104235557,0.8282014554537412
2MRS_0225,2MRS,0.13744221105527638,78.21249183034138,1.8253325548492774,-0.7264373351010865,166.50499299882276,30.66251781088468,-492.6711071557605,118.23446093612245,300.3844782059828,589.0119203598675,0.75,11.2291213328301,0.7347098203000781
2MRS_0226,2MRS,0.06726633165829146,18.172692416932318,2.3234736900827992,-0.3792841290806861,2.4212680842149803,25.438282311388672,264.6381926661387,11.190033850539209,125.98868762823604,293.31167601284096,0.75,11.7770052507063,1.0487411262105342
2MRS_0229,2MRS,0.05840201005025125,29.241641918638027,2.3304748738974643,-0.490059659226665,355.67298902834824,79.49711686007547,46.38769618029941,-3.5099013833010986,250.9305762976654,255.2063711699117,0.75,10.966867473122377,1.082785165552563
2MRS_0230,2MRS,0.049537688442211056,52.12926164408221,2.1450195559407708,-0.6359325860258297,343.5007346353656,-23.93152279549457,190.11946202522392,-56.31329875450105,-87.99797881443727,216.93372659132652,0.75,11.297483557852221,0.6669674282983391
2MRS_0231,2MRS,0.08942713567839196,79.16428238596484,2.1564223411242542,-0.7317563269863853,20.599421183371916,-6.604088088597516,360.63291258366877,135.54884228653296,-44.604608554985006,387.83908697827627,0.75,12.080913754414247,0.8989929113295341
2MRS_0232,2MRS,0.11232663316582914,62.379009154919764,2.304162435628122,-0.6771225649865873,144.7263643309533,48.64442751167914,-261.2995671480867,184.8299530749263,363.60686443651235,484.4063657827065,0.75,10.78516643978405,0.8400029654498098
2MRS_0233,2MRS,0.08056281407035175,12.759133952049648,2.2503422608744454,-0.30841243675072666,230.87793332423942,-1.4337326382307671,-220.86950763109135,-271.5661054974258,-8.76112860643707,350.15460361203054,0.75,10.811669338231768,0.7135561926689309
2MRS_0234,2MRS,0.08351758793969849,27.745238732622514,2.5939561913557285,-0.4780526832339044,266.9819028248821,27.07279712900144,-17.005849185729964,-322.54164222927176,165.0886926587013,362.73487056284296,0.75,10.016956313308663,0.9610350234897352
2MRS_0235,2MRS,0.036241206030150755,117.04261486038953,2.5504436518246254,-0.8094347543272381,220.45227005788627,-12.605599645166686,-118.2318130171201,-100.80929095344202,-34.74628810073481,159.21237165694833,0.75,9.553679480064284,0.7272361042311956
2MRS_0236,2MRS,0.031070351758793968,28.679435249456766,2.053667582064559,-0.4843130038756508,23.10995829314695,47.93070524639978,84.22095247056116,35.940582937412664,101.45073939641155,136.66435841508996,0.75,9.269233414151017,0.9300234217849395
2MRS_0237,2MRS,0.11306532663316582,55.387067967606065,2.47695308863411,-0.6489028243451298,62.21025372488234,-83.40197840091646,26.115981409801947,49.55486049013066,-484.27369373384624,487.5025529428708,0.75,12.336032567748372,0.9372712361614483
2MRS_0238,2MRS,0.049537688442211056,55.68785919942156,2.278194225235514,-0.6522922007068764,146.73888148050926,-42.63798027520544,-133.44334409328224,87.52632120131814,-146.94304592925099,216.93372659132652,0.75,10.714608833854754,1.0507733066003373
2MRS_0240,2MRS,0.07760804020100502,14.6829484583583,2.5777076011316034,-0.33548136524532307,128.82794266172777,-9.814496826618242,-208.5444690534052,259.11813092628216,-57.53932701153639,337.5555887560405,0.75,11.013780083446818,0.7538801842844227
2MRS_0241,2MRS,0.135964824120603,43.60882728648252,1.9349768297728402,-0.5901572376682847,251.57591104409556,41.83157415869566,-137.2663497684206,-412.0593725712731,388.7589361631884,582.8966355618393,0.75,12.745776762212472,0.9121909567534472
2MRS_0242,2MRS,0.12119095477386935,16.82115041767188,1.9872119165215292,-0.366646425097781,351.8788355075297,63.694365485437096,228.78226788995755,-32.64676467708085,467.4792548168752,521.4824935018374,0.75,9.895572860097563,1.0270697455409936
2MRS_0243,2MRS,0.03697989949748744,39.05829461582544,2.131640837268628,-0.5628032819847296,140.99678556114972,14.579861007086478,-122.16049984673421,98.93497048647748,40.88810137494151,162.42891658202862,0.75,11.75616683710869,0.7177910690426196
2MRS_0245,2MRS,0.11897487437185929,29.271870613111904,2.122787583538899,-0.49219083426210725,8.882748041981671,-39.85398290525121,388.51212411198276,60.719529673540386,-328.2536751530122,512.2294477255675,0.75,12.80445345455101,0.9118137051449404
2MRS_0247,2MRS,0.05840201005025125,52.036763236880084,2.8464787472379056,-0.6352463184945141,130.55124882039317,-55.905694184542014,-93.00576938782024,108.69873678983004,-211.34049154525403,255.2063711699117,0.75,9.99709315546973,0.9579023845924086
2MRS_0248,2MRS,0.08204020100502513,27.47570445927524,1.8454317683158519,-0.4756312114811828,316.4829875735929,32.82454177451552,217.2136202737443,-206.25063983124252,193.21862959463508,356.4470817465786,0.75,11.783465837920701,0.8619973886953585
2MRS_0250,2MRS,0.013341708542713566,28.878731637214003,2.6031394560978725,-0.48541328538847256,329.91576138633866,-67.3527270758072,19.634890151741,-11.374732541138783,-54.38679647831247,58.930782133166694,0.75,14.318344581445405,0.9416796359438573
2MRS_0251,2MRS,0.1322713567839196,43.06080327085051,2.229920328125068,-0.5870758414257029,348.45708521777146,-7.757717195562016,551.0185670648114,-112.53585878314874,-76.61546875647753,567.5876239092901,0.75,10.067303374062845,0.9195273007419282
2MRS_0252,2MRS,0.12414572864321607,32.992399702745544,2.782065196347516,-0.52143579515928,127.29829104894765,-14.791781531637346,-312.7462843462044,410.56358395148857,-136.28375769668045,533.8032947176099,0.75,14.282286573761542,0.8598819864523558
2MRS_0253,2MRS,0.08647236180904522,18.69592150038399,2.377199546154315,-0.38680886714492574,142.16222758555313,53.873016881455534,-174.7450255375114,135.7307456776949,303.13150091987666,375.2963710486231,0.75,11.565131301318349,1.0821397278810785
2MRS_0254,2MRS,0.05249246231155779,46.44765197677535,2.5012943275039112,-0.606871345136022,120.12406108132218,54.95312472291653,-66.20222397739303,114.09437306986531,188.05942084016806,229.70983042198685,0.75,10.177455322893856,1.153330562951247
2MRS_0255,2MRS,0.08204020100502513,32.781048376496464,2.4811742587348933,-0.5190351470232026,274.0995558485373,-25.7821100783509,22.945654225119522,-320.1431829437242,-155.03664551484104,356.4470817465786,0.75,11.868550532003974,0.8230178996024686
2MRS_0256,2MRS,0.048798994974874374,24.37244362294248,2.0789708352740273,-0.4453176930562203,356.0831084451442,30.821023340676486,183.12243271380365,-12.538273951872704,109.50976326083067,213.7368052679672,0.75,12.77306211904176,1.0201225903528288
2MRS_0257,2MRS,0.12857788944723617,63.688099253190195,2.280783958619809,-0.6812671588362001,318.7920615858617,14.87392284555762,401.54876676553954,-351.62765699572867,141.75839632761662,552.248915059694,0.75,12.099907378250698,0.9579856909016491
2MRS_0259,2MRS,0.14704522613065327,32.76640831822979,2.510357841839223,-0.5201856381583894,88.71287392146095,27.358696055814516,12.541584256981054,558.1884908488818,288.9000068298839,628.6452867859061,0.75,11.97091169920206,0.9608430808918786
2MRS_0260,2MRS,0.11306532663316582,43.19638696957055,2.1500603372038927,-0.5879929292257647,31.426683049837813,51.80672299388719,257.2132617648195,157.16810956849545,383.1426136998917,487.5025529428708,0.75,11.553973801120645,0.766767655287675
2MRS_0263,2MRS,0.10198492462311558,25.260062140489218,1.9205633891321057,-0.45630563929136897,167.63970974459406,59.17433528054675,-220.71032225239384,48.365974721717485,378.6448806081593,440.9356636407454,0.75,11.519612609267991,0.9095131903830962
2MRS_0265,2MRS,0.12340703517587939,90.66210396541969,2.8360113504660522,-0.7574828799180618,60.00571197626505,-21.269524944951016,247.24438873715044,428.3384541411225,-192.52343125882064,530.7248728311907,0.75,13.550196481336148,0.6439101797178923
2MRS_0266,2MRS,0.1005075376884422,54.392977403789594,2.6473669945138636,-0.6449119769411703,243.89424685731782,54.30862626719486,-111.5985287152356,-227.7430543746266,353.05631853750094,434.7066763767756,0.75,13.001647531230565,0.6982262453002324
2MRS_0267,2MRS,0.10863316582914573,17.93089001540684,2.5724523312771894,-0.37927624080636874,39.733588025119985,-28.385596715924873,317.2458954434738,263.69693214969294,-222.92015433731436,468.907693912846,0.75,14.15485807035928,0.8140447251682391
2MRS_0270,2MRS,0.08425628140703517,29.632703218853276,2.7921646289647404,-0.4941367847907432,125.64631501206142,-69.3637807397769,-75.14788001242212,104.7863890193338,-342.40121516463887,365.8770057550678,0.75,11.052252523222997,1.0471025990396567
2MRS_0271,2MRS,0.11158793969849246,129.59800633351074,1.9470289048801752,-0.8197092497729734,344.9876875940393,-60.67921631097107,227.65214225191494,-61.05164366421151,-419.6493160892082,481.3089959268662,0.75,10.81352754272395,0.8904865061379656
2MRS_0273,2MRS,0.14335175879396983,29.616275352697343,2.182988182791581,-0.4957081041196572,349.80884714802534,5.990316672206573,600.4507009906072,-107.94241779079042,64.0173178349958,613.425485989472,0.75,10.983887101644788,0.6172507329693313
2MRS_0274,2MRS,0.10641708542713567,33.13472883939238,2.3695599701402283,-0.5221654455804123,284.5210851247467,-6.834882889815584,114.41800127513311,-441.7508795294941,-54.69562247071327,459.59430990639646,0.75,12.896488877161811,0.9569519675840306
2MRS_0275,2MRS,0.09755276381909547,57.94468409871238,2.394094027858971,-0.6602528897922166,336.5911188175127,-29.19865307584352,338.2457909651019,-146.43427679044146,-205.98254173772577,422.2345556979923,0.75,11.311123502702875,1.3224163051932178
2MRS_0276,2MRS,0.11528140703517588,84.66384915600409,2.609927571885133,-0.7442589122838562,21.915515511535183,31.39459481441717,393.4105794903843,158.27380287882377,258.78925388390184,496.78401610606534,0.75,11.273950268725056,1.1875710688474972
2MRS_0279,2MRS,0.047321608040201,45.17341416919488,2.369107850872506,-0.599896192097939,15.121788891913335,-59.425459055916,101.81319014554067,27.51284843801541,-178.51269400968252,207.33949078595657,0.75,11.88507359512478,0.5995190141030187
2MRS_0280,2MRS,0.1448291457286432,34.75633817097936,2.5423046784671692,-0.5344973156429188,280.5119542863771,16.32179445123348,108.47000706180712,-584.5710856286958,174.1039615934535,619.5169779978876,0.75,10.562096497152956,0.6514860289923916
2MRS_0281,2MRS,0.08277889447236181,35.31593773044904,2.551088829008397,-0.5376399618444438,307.6891045701141,3.3593383711225515,219.46808694467757,-284.0701498800366,21.07132068637494,359.59156246426454,0.75,11.422371147875198,0.7151806692123536
2MRS_0282,2MRS,0.09903015075376884,50.03051982735785,1.8906755513815199,-0.6245218396402752,12.42451161883935,38.59732557680947,327.03026308384705,72.04894982834233,267.2999149068105,428.47297307210096,0.75,11.084063782520781,1.1017112828241358
2MRS_0283,2MRS,0.1307939698492462,42.36769807271161,2.744476443468165,-0.5830886716661728,303.3559116869767,38.14780314321513,242.7755255252595,-368.8056145066342,346.8068182295135,561.4557028440986,0.75,10.589170804475067,0.9063707998206261
2MRS_0284,2MRS,0.01851256281407035,66.0134258472716,2.9468050058854973,-0.6947707111937698,338.75515552495546,14.746103380971906,73.61352948017284,-28.619110750932276,20.788229773958527,81.67102129787101,0.75,11.329192669316889,1.134633659729734
2MRS_0285,2MRS,0.14187437185929647,20.132878177067116,2.3562704896599267,-0.40653458392793546,65.77791429148502,10.94233658145897,244.64149464583113,543.7912980830475,115.28382601209337,607.3292330469353,0.75,12.605005047755563,1.0997705490759595
2MRS_0286,2MRS,0.06652763819095477,114.97156666140492,2.3913376127926944,-0.8043301495910845,6.655047835316141,3.9897683202506085,287.48919858094945,33.5435739671141,20.18764067617403,290.1426399053992,0.75,10.86912123502062,0.7019800552172639
2MRS_0288,2MRS,0.1455678391959799,48.38404744516333,2.7023959232173422,-0.6154177338172792,141.1919683681914,-0.48226710256040844,-485.1135011982186,390.15324415571666,-5.240126186991819,622.5609382963886,0.75,12.12916927450426,0.5746163015297524
2MRS_0289,2MRS,0.14704522613065327,57.99149058334595,2.115665468486461,-0.6587313552953197,326.07470875194895,-32.65117521980975,439.1959793628343,-295.40894208669647,-339.16860887304097,628.6452867859061,0.75,12.290812260987712,0.8042096171307662
2MRS_0290,2MRS,0.07243718592964823,65.84730204623993,2.481199049994122,-0.691504762683324,235.1432836506958,73.25479732335465,-51.94586877947379,-74.58266441041312,302.08523496169164,315.46225811604,0.75,12.22899806489847,0.6163679213795079
2MRS_0291,2MRS,0.11749748743718592,35.918933027722176,2.1112698606163556,-0.5422537341581686,140.50724883416598,-19.44490231853306,-368.25031958735894,303.483897088275,-168.46576694684538,506.0548273666279,0.75,10.963982531028332,0.8047041774001786
2MRS_0294,2MRS,0.10789447236180905,38.08218290996287,2.1442907650223773,-0.5566822947919727,67.6764609332542,34.695971572202,145.46852910003363,354.2742776177809,265.1459885411165,465.8044138687114,0.75,11.184165608432604,1.1419287434544618
2MRS_0296,2MRS,0.12636180904522612,24.962876571010504,2.144303095317567,-0.4545798123852783,139.4679102810315,-55.24193251918727,-235.30066591731818,201.19377944652143,-446.1365362434204,543.0314440622989,0.75,12.32560369828411,0.6620081687451579
2MRS_0299,2MRS,0.12636180904522612,10.286900115965578,2.47344675875163,-0.27394944638521485,183.16096709004097,-50.396160762583165,-345.64263012343395,-19.08822606018088,-418.3897239507874,543.0314440622989,0.75,11.665451985512078,0.6293529941500533
2MRS_0301,2MRS,0.048060301507537685,77.71948479485879,2.903955909022071,-0.7302660110428182,266.15598390694817,0.030906948223470773,-14.114602083607926,-210.06503869844883,0.1135704804083234,210.53872654125513,0.75,13.669824397686074,0.8148998614067268
2MRS_0302,2MRS,0.04584422110552764,21.183510775803484,1.9716827459949096,-0.412215915337215,304.86164523565867,25.015278115869492,104.08125560106632,-149.4100266789583,84.96843554508987,200.93754969811297,0.75,10.81527579394602,0.8311362072218091
2MRS_0303,2MRS,0.0746532663316583,26.121453501956186,2.244372839960877,-0.46313245506329714,100.82117142961073,-0.8428309624911319,-60.998617503047925,319.1252513765302,-4.77972028834325,324.9378450249394,0.75,11.205794305053884,0.8512605048083954
2MRS_0304,2MRS,0.14187437185929647,59.301349608694274,2.557022412867303,-0.6641531165606724,277.31908206617163,-33.06635949132609,64.83965963350488,-504.8186928981112,-331.3649093561845,607.3292330469353,0.75,12.12270967194598,1.0342822903291318
2MRS_0306,2MRS,0.03919597989949749,55.24826622318467,2.4771593544758006,-0.6506897609230406,317.24395768963996,29.82504379472135,109.60929631109082,-101.34322990847437,85.58038399156456,172.07164266734378,0.75,10.770830558227873,0.8194332948685373
2MRS_0307,2MRS,0.09607537688442211,34.542420256726835,2.201665340751061,-0.5322973451281459,31.497047636788942,52.45671789675228,216.14153201183169,132.43638182532655,329.83679240778025,415.99142625450645,0.75,13.502033531338155,1.130621324370661
2MRS_0308,2MRS,0.1145427135678392,62.14270942260811,1.800663006604295,-0.6761456759996918,24.6889614357964,37.06040861973546,357.95303712205657,164.55645713522756,297.5264234565455,493.69137831710816,0.75,13.563583711602949,0.9508715606931212
2MRS_0309,2MRS,0.06578894472361808,9.254683157138098,2.5597110427716276,-0.25069500913169296,53.714293987890485,29.627851404232278,147.62879880804678,201.0773764964624,141.8689767883929,286.9724379643321,0.75,11.534183468428559,0.9819074713370206
2MRS_0310,2MRS,0.08868844221105528,15.338599226932027,2.094747557619195,-0.34519374019788746,359.45362620770624,65.2312441616255,161.1675944618053,-1.536944253562397,349.31463201202985,384.70517001977413,0.75,13.127768385136848,0.8517351817908245
2MRS_0311,2MRS,0.14335175879396983,14.49773367084351,2.1077270775059707,-0.3381910395576815,67.51486085691128,37.21859826675382,186.82048024027026,451.35562130018525,371.0350901800777,613.425485989472,0.75,11.901414200702945,0.8800758618968005
2MRS_0312,2MRS,0.07095979899497487,61.78517981258995,2.269545476420935,-0.6766019136454922,179.9754577723636,48.201774408095375,-206.04426364306326,0.08825755707915248,230.46235282452693,309.13935763507254,0.75,10.573185322725733,1.440371284703954
2MRS_0313,2MRS,0.09385929648241205,76.77679749608862,2.2956463520092956,-0.7249088960797039,33.51199209657804,-9.987946192702857,333.88773484481897,221.0959832242207,-70.52421191022104,406.6179014052957,0.75,10.69522114362902,1.1645806968569163
2MRS_0314,2MRS,0.04658291457286432,25.162148723604634,2.39329077968514,-0.4528668468025263,120.08435749182347,-5.5558950384306645,-101.84900635472611,175.80936331158824,-19.76408772011919,204.13909837872714,0.75,11.058637571464276,0.968671175951168
2MRS_0315,2MRS,0.07686934673366834,40.97638978847754,2.4874943116809423,-0.5749864092629466,131.86343663870673,-38.65688976955385,-174.27067843750692,194.47737446843772,-208.8865392260476,334.4029079015926,0.75,11.908850446831448,0.7855158698455224
2MRS_0316,2MRS,0.13522613065326633,90.6475832031204,2.182653289375205,-0.7567109373296921,8.53346282925235,1.3197504523356185,573.2659350134049,86.01748434644256,13.354783899058823,579.8372100107706,0.75,12.671207166119563,0.7035643627486272
2MRS_0317,2MRS,0.09976884422110552,52.355852006224175,2.7084738367842784,-0.6356423154949922,101.98031685078416,-22.398657773920238,-82.82871608123699,390.3377935891727,-164.45697381783003,431.5904141069959,0.75,10.683250334394035,0.6943642001309636
2MRS_0318,2MRS,0.13374874371859297,20.332675301233337,2.179643159173505,-0.4082391017657869,216.815105517606,-2.580976549010193,-458.8348862708632,-343.44105400331586,-25.83512617408861,573.7147934109208,0.75,12.932676836638088,0.8629270114608698
2MRS_0319,2MRS,0.14113567839195978,59.10171020659284,2.1953036818593166,-0.6633888329685382,267.1880547408683,0.5967787769600658,-29.643129301257353,-603.5189889834363,6.293911298049665,604.2793215871183,0.75,11.778343712031871,1.1712262431965044
2MRS_0320,2MRS,0.14335175879396983,19.536296893815265,2.251500019380734,-0.4000365489150794,175.90632991217404,-20.840335817742925,-571.8297460240884,40.92576726817073,-218.23530877692068,613.425485989472,0.75,13.049015643223107,1.213064808105529
2MRS_0321,2MRS,0.1448291457286432,80.7994519438779,2.393897743584886,-0.732870798512634,319.23700440728305,45.25873010595161,330.2959041122104,-284.73172253661517,440.03834825576814,619.5169779978876,0.75,10.485968676757581,1.0997190128644017
2MRS_0322,2MRS,0.042150753768844224,71.98600108398092,3.1024550014835057,-0.7135644391339713,35.09868988390132,4.468345385738211,150.82868367151295,105.99902205586564,14.406218403909591,184.91247557583114,0.75,12.529687576610504,1.185224240406167
2MRS_0324,2MRS,0.12414572864321607,56.12130979808377,2.895801697933094,-0.651711071049438,70.39841759103503,18.091753241966867,170.22545225624256,478.00683190610255,165.76707003088455,533.8032947176099,0.75,10.329045747636302,1.0178480741612548
2MRS_0325,2MRS,0.1049396984924623,13.265109995551043,2.192901496753823,-0.3178930615115581,236.69994990068287,13.79619014334987,-241.73481996748686,-368.005391410684,108.11689823147597,453.37948230509875,0.75,9.389848632135287,0.9546539690277798
2MRS_0326,2MRS,0.135964824120603,34.17592702541604,2.5292890799217296,-0.5302584942435358,177.52924777037725,47.9569811733193,-389.99621267160705,16.828145975190136,432.8836510589791,582.8966355618393,0.75,11.149953514776657,0.9053331345807909
2MRS_0327,2MRS,0.0517537688442211,15.981180753975837,2.611548139439225,-0.35070103638982414,23.075170505033103,-83.09507643379187,25.053598256594228,10.67343520727573,-224.87461399667072,226.51754242194664,0.75,13.772831252502447,0.7637159474861552
2MRS_0328,2MRS,0.13374874371859297,24.725104380280094,2.8561656084475904,-0.4526677518178017,85.13414769995644,-57.64538997906832,26.043058503736553,305.9213955860802,-484.64680232615945,573.7147934109208,0.75,12.404480383534263,1.0336752490670147
2MRS_0329,2MRS,0.1367035175879397,49.63514945015505,2.332866007125608,-0.6217838232665113,262.2383792292463,6.910843518724179,-78.55937282847779,-576.3684608180896,70.50485658456972,585.9548723980613,0.75,13.714860261544956,1.123932142891384
2MRS_0330,2MRS,0.10567839195979899,12.618376810556759,2.5876518718056536,-0.3085162598367625,199.39081872725887,-3.400120067549464,-429.8356596497123,-151.2916146263544,-27.073572323364363,456.48748644524863,0.75,11.745017199235702,1.115023687438634
2MRS_0331,2MRS,0.11158793969849246,72.55005426943856,2.6505348106015836,-0.711538757700911,224.51669875148139,-65.46986243906032,-142.48511095799114,-140.10138138794898,-437.8674978216647,481.3089959268662,0.75,10.969952341851085,0.49013141867301274
2MRS_0332,2MRS,0.05987939698492462,11.04711362096565,2.4022330240000516,-0.2801531596508113,63.40595669282531,-36.84019863668736,93.71283109577135,187.1888046041968,-156.8328479070043,261.568892385456,0.75,10.755706990375122,0.7613218589486123
2MRS_0333,2MRS,0.13522613065326633,33.16204842703822,2.6303768993183843,-0.5228903691651993,232.2770579237001,31.825649206570294,-301.4325467470034,-389.6855569135895,305.7691557492935,579.8372100107706,0.75,12.74804219615157,0.8865120871725454
2MRS_0334,2MRS,0.1271005025125628,11.687252797905249,2.415367488811315,-0.2963138276162803,219.28466303309165,5.027405640920267,-421.0645400089987,-344.4491551113485,47.856410277319995,546.1051211209639,0.75,10.319706964667398,0.8521295467984924
2MRS_0335,2MRS,0.07317587939698492,19.24045123334412,2.443028286848052,-0.39223426501093844,256.7535850843799,81.44314143200653,-10.863048807032863,-46.146661189751455,315.07527769992197,318.6219559070414,0.75,10.630877516394255,1.5005199841559054
2MRS_0338,2MRS,0.019989949748743716,35.662893872576056,2.0828665233756585,-0.5393188637747208,197.80324495995941,54.89737389146806,-48.26694518684131,-15.499836200708373,72.12409886889687,88.15797500832663,0.75,11.773877640021906,0.7870498907232981
2MRS_0340,2MRS,0.09533668341708543,36.80456547272872,2.5723402566156603,-0.5480950618570329,343.41149186954135,-44.821712623367404,280.66043950323234,-83.60721944445098,-291.03198198627837,412.8680951396482,0.75,9.791189659014757,0.7669255055803802
2MRS_0341,2MRS,0.09681407035175879,96.2080546872337,2.0639787070606053,-0.7706663946799697,166.31775102068124,-54.1196491117094,-238.66950803395181,58.103023243205264,-339.5837119870197,419.1135798587922,0.75,12.581125366683066,0.7616002827648221
2MRS_0342,2MRS,0.11528140703517588,45.051163439523606,2.113069009132086,-0.5983804069739405,125.28180136720567,22.358326557758787,-265.3702132781215,375.04832755447296,188.97555546098664,496.78401610606534,0.75,11.528225914649727,1.0889019060097571
2MRS_0343,2MRS,0.10937185929648241,41.49754291335995,2.577639498778131,-0.5780500498720511,51.97576995946072,22.63523104281019,268.35970431370254,343.1855109092649,181.6590715874949,472.0097923639102,0.75,9.938890384473488,0.7072833952776888
2MRS_0344,2MRS,0.13891959798994974,50.40320196131249,2.5962926254018974,-0.6254598077667529,310.64271091255523,13.35109106690288,377.1508133802847,-439.3661300509065,137.4241502455958,595.1224490304869,0.75,11.917217681309413,0.7776176246728219
2MRS_0345,2MRS,0.056185929648241206,34.57861216258372,2.6279512820635627,-0.5319599836252812,52.154992840605516,4.381448617612891,150.27495987452738,193.41939243941925,18.7670214607758,245.653874448245,0.75,11.81538185803512,0.9015764204099747
2MRS_0346,2MRS,0.08056281407035175,44.85747889312932,2.0620533643399095,-0.5977136842627151,91.4789382144495,74.360590059194,-2.436297437461533,94.36402163046814,337.1909582228132,350.15460361203054,0.75,10.495245741826956,0.4875696085805605
2MRS_0347,2MRS,0.10641708542713567,49.39916622176123,2.462794177314549,-0.6212409441270547,259.66192235611936,-13.826052530035408,-80.08726646234157,-439.0330158609245,-109.83155481457923,459.59430990639646,0.75,11.777542123755945,1.2867771920077942
2MRS_0349,2MRS,0.14261306532663315,38.87098429387979,2.2679978395427085,-0.5618791645495254,159.8764506771526,49.96019414704617,-368.6968958089044,135.0957628762862,467.30394957705545,610.3779545630421,0.75,10.67316866963375,0.7031188837000234
2MRS_0351,2MRS,0.048798994974874374,44.45263000651533,1.8295329786427472,-0.5957916139718747,293.48287097279916,25.99582072349886,76.55188828826121,-176.20132385816626,93.68203561136002,213.7368052679672,0.75,11.126265844361757,0.887524011536101
2MRS_0352,2MRS,0.10937185929648241,41.769265724111754,2.2733892452989477,-0.5796727886733097,56.23867342340828,5.15882207856371,261.2496158008452,390.82040771499965,42.44162160914432,472.0097923639102,0.75,11.577018278806204,0.9398391565361369
2MRS_0353,2MRS,0.0879497487437186,50.44159403426143,1.7117775627379912,-0.6267895278061797,65.6104341255233,18.07073852052248,149.79299723214018,330.37674100503045,118.35958582701281,381.57007819538853,0.75,12.461602305558735,0.6659600978644005
2MRS_0354,2MRS,0.06874371859296483,45.34473753484153,2.2539409152000904,-0.6005738328599117,262.4975167593673,-15.450000221060082,-37.71072701040766,-286.34550885889354,-79.82496736287202,299.6462494172015,0.75,11.038015137936354,1.2381744440421558
2MRS_0357,2MRS,0.05987939698492462,26.60692649827741,1.9820560809163505,-0.46696729771948814,88.52344144352625,-10.736794018607116,6.622099290811015,256.90436762747487,-48.72965379175345,261.568892385456,0.75,11.306500845003209,0.9696925561507073
2MRS_0358,2MRS,0.1138040201005025,32.53577428584677,2.2148034386863804,-0.517819077555561,270.8720348893167,-15.412464503120987,7.198032786542325,-472.899719139468,-130.3840752727212,490.5975571921516,0.75,11.183215753534652,0.9004514654984781
2MRS_0359,2MRS,0.07169849246231155,53.178640678553776,2.365238531056371,-0.6402420501113152,201.97536142280777,-46.972266782399416,-197.6167881772428,-79.74353033469197,-228.29965789660108,312.301391920424,0.75,9.421166567522448,0.9580957324375904
2MRS_0360,2MRS,0.12045226130653265,55.25037887748256,2.4518980869186597,-0.6480819872007987,313.89228671440594,76.14795954263485,86.04799716869957,-89.44119532074232,503.3228386535302,518.3993298099404,0.75,10.951530704979499,0.7431925280676495
2MRS_0361,2MRS,0.06431155778894472,39.466375751347435,2.829430917443291,-0.5655060354092634,5.30149333787143,-72.93600620076964,81.99527305687855,7.608626995205757,-268.2745986422648,280.62853790213944,0.75,11.577924855299848,0.7902168669369889
2MRS_0362,2MRS,0.056185929648241206,51.19812780221679,1.7001793265205727,-0.6312604315264516,220.88851601123127,-17.245213857670777,-177.361895167122,-153.573480216732,-72.82698914744428,245.653874448245,0.75,9.823007943564052,0.8699731433461523
2MRS_0363,2MRS,0.1138040201005025,29.302176633064462,2.1064521895208808,-0.49228702036386623,113.93669326161589,-31.731317632934278,-169.29563147455266,381.37772498421026,-258.023222157245,490.5975571921516,0.75,9.912128948059246,1.097704895797557
2MRS_0364,2MRS,0.12636180904522612,33.049748054305226,2.22372134532787,-0.5219017074434578,292.5384375408009,62.09657682910076,97.40854945376365,-234.719540918127,479.8973440694197,543.0314440622989,0.75,9.256837472738106,0.8989736587669777
2MRS_0365,2MRS,0.09681407035175879,16.107579641404584,2.7808967179147555,-0.3558528432422791,334.99350880595955,-63.59937848133565,168.88761720356487,-78.77688472957006,-375.4029408644242,419.1135798587922,0.75,10.497193329134424,1.161872312068124
2MRS_0366,2MRS,0.10420100502512562,92.85623057826318,2.3413553040211,-0.7633803562808046,13.373297067255955,-37.087055631507965,349.44983857582923,83.07860777489432,-271.5254983558579,450.27029771892,0.75,10.993891234573947,0.9318071214430651
2MRS_0367,2MRS,0.0059547738693467335,79.63335914737618,2.829116321374912,-0.7382454808015426,186.8718101443065,-38.68680262991698,-20.418907604626078,-2.4607665916535955,-16.4692185623391,26.348098983398213,0.75,13.818568714236525,1.121378390592904
2MRS_0368,2MRS,0.05840201005025125,58.60216493762152,2.0766428184789087,-0.6644233253857318,145.0547805409672,-40.07171109923776,-160.0824666522952,111.86300602646833,-164.2880508100143,255.2063711699117,0.75,13.115228890517871,0.4721390256267187
2MRS_0370,2MRS,0.05840201005025125,75.31776262577965,2.57356330189552,-0.7227565567040883,284.9994283035932,48.40293423860734,43.849670417859855,-163.6557296945555,190.85151408386153,255.2063711699117,0.75,9.604400292347897,0.9557277731964718
2MRS_0373,2MRS,0.07022110552763819,38.5128490563072,2.5572318608599933,-0.559334650541906,47.88089421879553,20.067227914451045,192.75207427747588,213.17999932272159,104.98730176551229,305.97615557671793,0.75,11.656262372617723,1.065567727836461
2MRS_0374,2MRS,0.12857788944723617,28.056399615867672,2.1659753980291065,-0.48229934168190497,55.507213442602804,-62.19532781268061,145.8802828369232,212.3143871447917,-488.48787935358223,552.248915059694,0.75,12.473667197909833,1.1563113200949546
2MRS_0375,2MRS,0.11306532663316582,39.53139055917971,1.961520292881711,-0.5659814777733427,52.91910777123738,6.017112567692856,292.3163469106023,386.779532766708,51.10269550057008,487.5025529428708,0.75,10.266793092613671,0.6258480960697552
2MRS_0376,2MRS,0.09459798994974875,25.692602107718713,2.88425902177864,-0.4600154939011227,282.32098745343814,15.078909496783686,84.42396881932018,-386.5229989578371,106.59442605041849,409.74358677053607,0.75,11.832167525395885,1.1526837627271025
2MRS_0377,2MRS,0.08868844221105528,15.592679695145483,2.6578095548441665,-0.3485450181238032,31.89087720319573,52.33863558565636,199.5725277863083,124.17887437242159,304.5463530442039,384.70517001977413,0.75,10.781555947501865,1.1291988904875436
2MRS_0378,2MRS,0.03254773869346734,26.508340015206354,2.866450843118188,-0.46490666820870613,181.7117533264957,-29.60081822540513,-124.3789626079103,-3.7170184470826557,-70.69097983822654,143.11239357946764,0.75,13.869728079455813,0.6404804874498353
2MRS_0380,2MRS,0.0251608040201005,42.7929896866371,1.7644967621479153,-0.5862856718148699,85.33490781953239,33.979577893136465,7.474449285630311,91.5968226390632,61.94054801213259,110.82633621003072,0.75,11.699831142205948,0.7859561876506599
2MRS_0381,2MRS,0.030331658291457283,16.36171701505009,2.9154086141875086,-0.35391492820468895,277.63168246549856,-86.3785183738698,1.119357183202162,-8.35395190087078,-133.1721574245823,133.43861879524752,0.75,11.778333338067819,0.5482178693567256
2MRS_0382,2MRS,0.13005527638190953,11.032429105275984,2.134898811044299,-0.28633795046373167,228.18139473767135,-18.13813507903825,-353.81786502177624,-395.4652279239182,-173.83120195626282,558.3879609008807,0.75,12.861463246201298,0.9186171494424342
2MRS_0383,2MRS,0.11232663316582914,199.73606009031943,2.684672769871465,-0.868190920531539,250.64402439913158,-2.1334265851525354,-160.4385625267281,-456.7097666075185,-18.032857523762697,484.4063657827065,0.75,12.175835845281151,1.048782941460603
2MRS_0384,2MRS,0.11084924623115577,43.89308712918644,2.9698360703224203,-0.5919790777935466,354.9876785213676,45.798220193549696,332.12732961540553,-29.129348348235293,342.8237832299808,478.2104435923268,0.75,10.284044576516024,1.0175408920215672
2MRS_0385,2MRS,0.14778391959798995,33.3845428880047,2.0448879942278952,-0.5247358805264736,211.67259348725148,11.052716902248479,-527.6319998682837,-325.5236127641501,121.1017831150358,631.6856747035428,0.75,12.439908600704358,1.0371660226888475
2MRS_0386,2MRS,0.10937185929648241,55.12917159032402,2.3670507156489737,-0.64789332113428,222.53062809569525,-33.168162516810455,-291.158865423787,-267.08441451153055,-258.2356960173935,472.0097923639102,0.75,11.416575083242357,1.0418304973132795
2MRS_0388,2MRS,0.041412060301507535,30.428204075270752,2.4633143671234703,-0.49943787925607247,163.4341638594605,30.13741562853949,-150.61940085965034,44.803819271470786,91.2291428323869,181.70399731035835,0.75,11.645385501387205,0.5855562963926136
2MRS_0389,2MRS,0.135964824120603,37.48724709167413,2.4431634412567496,-0.552943905496882,84.91721698556914,-27.985430701092376,45.603096895734836,512.7126672519063,-273.52251487266244,582.8966355618393,0.75,11.428559616446702,0.7957498181924303
2MRS_0390,2MRS,0.13374874371859297,15.356299613334471,2.0954931977304363,-0.34889422367134304,217.70618736565916,73.11301964367952,-131.85067290325645,-101.92852650079655,548.9759919330448,573.7147934109208,0.75,9.751401681617535,1.259440033177905
2MRS_0391,2MRS,0.0650502512562814,83.02112666379021,2.5798235781494117,-0.7433189866137028,99.29302089374767,67.2550357430429,-17.718947918275788,108.28587137822237,261.7312678540216,283.80107051937824,0.75,13.350784941320946,1.0235255324650452
2MRS_0392,2MRS,0.1049396984924623,7.111994156193363,2.0675923413998487,-0.21472131979591227,54.75092052460651,-14.866308384442835,252.90132898168136,357.85930200394625,-116.32107609451995,453.37948230509875,0.75,12.331642239736345,0.6515097736877973
2MRS_0393,2MRS,0.09016582914572864,29.452768801839035,2.4789394116540273,-0.4928232501175521,235.0059110338723,-6.144098987320513,-222.9312401101854,-318.4487248707725,-41.845462417896925,390.97182879825715,0.75,9.65319575968524,0.9905359868960721
2MRS_0394,2MRS,0.08277889447236181,64.71838789380132,2.3141192042943253,-0.6869951491343804,337.98883029956147,-28.18157906246013,293.86065835452075,-118.79405698920985,-169.8233708621492,359.59156246426454,0.75,11.776219161903372,0.7771485634844033
2MRS_0396,2MRS,0.08647236180904522,28.294312624873374,2.1508115344127576,-0.48291759473419493,140.992026813215,25.87956244275072,-262.3809282539412,212.53234870718754,163.80969252114602,375.2963710486231,0.75,13.866765934505255,1.0237263162795456
2MRS_0397,2MRS,0.08277889447236181,73.24144073629594,2.8619488970284714,-0.7151834679589726,203.53151790208574,-20.212851197319846,-309.38447667050997,-134.72661354452913,-124.24200977780765,359.59156246426454,0.75,11.11107410141715,1.3023113568450484
2MRS_0398,2MRS,0.14261306532663315,56.89908329520521,2.583865244288745,-0.6543920945951144,359.402735173274,25.458326812326998,551.0791960524374,-5.7447886360219105,262.3737115228767,610.3779545630421,0.75,11.475198971880149,0.8189616281870858
2MRS_0399,2MRS,0.03328643216080402,79.64171275226101,1.585086269858545,-0.7364945711723401,175.98657344650883,63.192915525217224,-65.83333270281767,4.619017988170945,130.6081083804008,146.33468828900908,0.75,11.886773333489932,0.9269760338247816
2MRS_0400,2MRS,0.14335175879396983,16.653895470621322,2.6771636115380644,-0.3661334422539891,41.034518573668564,-9.85422932155932,455.8888099682801,396.78055160451896,-104.9829208754403,613.425485989472,0.75,10.345997919098783,1.0721848342911315
2MRS_0403,2MRS,0.08942713567839196,22.276318191701776,2.2066055015411092,-0.4263404839865635,214.7949749183353,-52.99323335935981,-191.7040138208731,-133.2128271320837,-309.7144994355076,387.83908697827627,0.75,11.356062997329273,1.0864677395425981
2MRS_0404,2MRS,0.12414572864321607,33.190696723383404,2.2701204611819827,-0.5229036049622658,108.02280370670415,-3.550370466296221,-164.83935458488372,506.6371731755262,-33.056306329147375,533.8032947176099,0.75,13.63098063016833,0.6728901862425856
2MRS_0405,2MRS,0.14630653266331659,78.97879865389328,2.6855333704249507,-0.7280104327691944,179.3653878312485,-22.82727832855445,-576.570151373374,6.386393566398506,-242.7057352197761,625.6037079382382,0.75,11.366874445986365,0.6277004013897638
2MRS_0406,2MRS,0.05101507537688442,18.2110882656228,2.723076087224418,-0.37857833323662005,105.45741964539042,4.368575774193233,-59.34789405789513,214.62083354399059,17.01108249946462,223.32409553836337,0.75,9.782407370437678,0.6828198303866155
2MRS_0407,2MRS,0.061356783919597986,22.84656372527872,2.532393542039693,-0.43067624089129913,244.90543955609678,74.45257830745818,-30.457273294645745,-65.03538856115186,258.1230380117105,267.92676240763944,0.75,11.311919954742017,0.8598188360743407
2MRS_0408,2MRS,0.13153266331658292,56.168599625611634,2.6213469385806043,-0.6516782881775917,318.88592484022,60.6951219841396,208.17186979503145,-181.6899719442077,492.27899166772625,564.5222572374271,0.75,12.10066925605952,0.8771000640902293
2MRS_0409,2MRS,0.09090452261306532,16.121509773221973,2.606336853813047,-0.35558303989990325,35.02972765548521,59.62706100837632,163.17233147820505,114.38071222055213,340.013718880676,394.10339520889863,0.75,11.54623850457685,0.7399012601117517
2MRS_0411,2MRS,0.05840201005025125,31.083010121881202,2.033937255753348,-0.5052318056748404,162.073027587115,-35.76004908158847,-197.03826477991936,63.74407500800797,-149.14056121527295,255.2063711699117,0.75,11.891465203181255,0.8396486301798248
2MRS_0413,2MRS,0.05840201005025125,88.1317734526229,2.2504070542128063,-0.7560585685858152,276.8215004020397,38.67593850590711,23.664783666653438,-197.8274016425826,159.48225311635628,255.2063711699117,0.75,11.39911511227637,1.2734704663766812
2MRS_0417,2MRS,0.10420100502512562,24.115479241857926,2.7717194768962696,-0.44550323491864324,332.45703362003763,-70.29360219655601,134.62341094150193,-70.2088745754713,-423.899271248732,450.27029771892,0.75,9.557050357909057,0.788743561591323
2MRS_0418,2MRS,0.08647236180904522,51.83823045623781,1.7842849689962659,-0.6335549077078526,297.08655722994405,-32.60903235320665,143.9487712647535,-281.4633852961269,-202.24856022053024,375.2963710486231,0.75,9.4357558906045,1.1433938232218104
2MRS_0420,2MRS,0.12045226130653265,60.271131214639674,2.0474972820067676,-0.668747950096815,175.6008999754655,37.15183343662656,-411.96665666589274,31.692597356225484,313.0765373127439,518.3993298099404,0.75,9.961242545947993,0.6875532167220963
2MRS_0421,2MRS,0.11602010050251256,42.52473477615504,2.081337472458106,-0.5840880827201833,334.31822073749885,-20.812721331093115,421.09896413018146,-202.49633907163346,-177.6130088924208,499.87547034911097,0.75,13.182157191219014,1.0792989349414222
2MRS_0423,2MRS,0.1448291457286432,77.0725835561188,1.888771421676497,-0.722910121090458,115.59391318066052,-47.38051455027366,-181.21598625304452,378.3300787550528,-455.88200651393015,619.5169779978876,0.75,10.182339872544826,1.2669054360008145
2MRS_0424,2MRS,0.13005527638190953,25.07636586212513,2.1261850023717757,-0.45579864294513334,307.2170805035086,-17.918767103793076,321.3512366859986,-423.1026489483463,-171.79827127277858,558.3879609008807,0.75,11.535506822680423,1.032350813946352
2MRS_0425,2MRS,0.09903015075376884,74.97545576255688,2.859365074722923,-0.7194487308356701,73.33891861176525,-66.98873075907792,48.02255152137203,160.46342284864718,-394.3785150414748,428.47297307210096,0.75,12.200657980424344,0.8813501848273604
2MRS_0426,2MRS,0.135964824120603,65.55092915479253,2.818081531545685,-0.6875634262856338,125.59149795992325,70.55459116679548,-112.93829383134114,157.80000510409306,549.6476943687888,582.8966355618393,0.75,12.261822388463703,1.1294308050811384
2MRS_0427,2MRS,0.09681407035175879,50.794815023747674,2.3684905937158827,-0.6283003342435877,76.59998319690746,-29.029549324798452,84.92647736340305,356.48357496786656,-203.37931812951152,419.1135798587922,0.75,9.408236221939394,0.6891988428075708
2MRS_0428,2MRS,0.06652763819095477,59.71176443534983,2.267361297616055,-0.6686293946820567,303.53452781932225,-46.66349160804772,110.00154372415884,-165.97679781054356,-211.03107462678116,290.1426399053992,0.75,11.519404956767735,1.2485442753830966
2MRS_0429,2MRS,0.10715577889447235,16.960129010243296,2.2165035664322477,-0.3673658592696103,188.4651580609856,32.2581006210399,-387.02050031011356,-57.60001676931727,246.95873422885938,462.69995245735294,0.75,11.263899008803827,0.7750008490015722
2MRS_0430,2MRS,0.017773869346733667,41.85826508883952,2.6180328685224707,-0.580640153620349,126.36521262210594,-11.491382242220617,-45.568907789313606,61.88679556575711,-15.624037166523392,78.42583349821463,0.75,11.787767175671092,0.8110965651264321
2MRS_0432,2MRS,0.048798994974874374,91.47404591343846,1.6299040162531737,-0.7641597330742933,5.433801211406641,-5.940865716911979,211.63356153567906,20.13123584699966,-22.12218120243472,213.7368052679672,0.75,12.984164188767389,0.5772405628442342
2MRS_0433,2MRS,0.1448291457286432,12.96467550314821,2.6817501239516597,-0.31686013638640903,105.48093382659303,-75.82837548600878,-40.48464370216959,146.17177562519265,-600.6630433633502,619.5169779978876,0.75,10.22708440849505,1.0981695941801772
2MRS_0434,2MRS,0.0340251256281407,41.95782859165911,2.450546538704462,-0.5811674345410103,171.7441501089101,37.783035756599936,-116.97449413355598,16.97268880532428,91.62883279549163,149.55583386330292,0.75,12.059308844595549,0.7896230305043725
2MRS_0435,2MRS,0.11232663316582914,24.968432374806937,1.6068070084644765,-0.454020690463428,176.2766052849675,31.351614547754526,-412.8052254439039,26.864180283507412,252.03112679729085,484.4063657827065,0.75,9.59003663256026,0.9239963518451911
2MRS_0436,2MRS,0.14778391959798995,58.27326410477054,2.0142527537758608,-0.6598453730852659,146.94709034131108,79.27489482635853,-98.53067053638395,64.11600355340981,620.6509781492814,631.6856747035428,0.75,12.166602097546823,1.2972177234225828
2MRS_0439,2MRS,0.12488442211055276,66.67157256181694,2.0747422889089577,-0.691919753164378,280.2437038817692,61.65282937004088,45.33341470182574,-250.8544904980912,472.5014394977463,536.8805306760779,0.75,11.11906271337758,0.9048376674002322
2MRS_0441,2MRS,0.06800502512562814,52.97369819218106,2.7210193314462283,-0.6393965587842222,181.4261546108265,-5.038698372466371,-295.2423470268768,-7.350422983034106,-26.039373570735748,296.4795459587805,0.75,11.443760847530099,0.7018156873366501
2MRS_0443,2MRS,0.028115577889447234,43.777282271743026,1.8819509015353268,-0.5921023666034521,219.14911652054573,-11.315515789170616,-94.10675386891363,-76.61253010604149,-24.28208277950835,123.75451683516162,0.75,10.758379815100842,1.4010836097469546
2MRS_0444,2MRS,0.14335175879396983,77.46644944138635,2.3881945578390473,-0.7240763276086901,51.843919322328645,15.467342956074102,365.25225259503424,464.8856417021087,163.593884283282,613.425485989472,0.75,10.503527383330006,0.9427996669749723
2MRS_0445,2MRS,0.0295929648241206,16.95922599547803,2.082010903022536,-0.3615053624377654,245.2575196974836,-50.494065758314655,-34.66991180586997,-75.2308199389736,-100.46599435449878,130.2117317101468,0.75,9.238190411403364,1.0565405800780872
2MRS_0448,2MRS,0.02737688442211055,23.43593541522453,2.6921836804977834,-0.4348348177331316,339.8560239209387,-75.68270821965096,27.981460255619556,-10.264119825306382,-116.78084635826878,120.5241898955502,0.75,11.860918111922889,0.9575000219206273
2MRS_0449,2MRS,0.1145427135678392,180.27145244829939,3.0828307819201006,-0.8591312146180776,339.0205586293132,18.074046126006536,438.2184180829826,-168.03590583232108,153.1656927272083,493.69137831710816,0.75,9.865544590438727,0.6882135341158597
