ID,RA,DEC,Z,Radius_Mpc,Density_Fraction,Effective_Radius_deg,Catalog_Source
60,,,,32.298,,1.033536,SDSS_DR12
10020,,,,15.964,,0.510848,SDSS_DR12
11496,,,,52.473,,1.679136,SDSS_DR12
15935,,,,38.683,,1.237856,SDSS_DR12
4407,,,,63.467,,2.030944,SDSS_DR12
20571,,,,56.705,,1.81456,SDSS_DR12
13976,,,,29.199,,0.9343680000000001,SDSS_DR12
2571,,,,64.052,,2.0496640000000004,SDSS_DR12
4535,,,,63.679,,2.037728,SDSS_DR12
1267,,,,40.98,,1.3113599999999999,SDSS_DR12
12454,,,,90.295,,2.88944,SDSS_DR12
11862,,,,80.243,,2.567776,SDSS_DR12
5455,,,,89.801,,2.873632,SDSS_DR12
1005,,,,54.079,,1.730528,SDSS_DR12
6886,,,,84.756,,2.712192,SDSS_DR12
4669,,,,39.445,,1.26224,SDSS_DR12
6677,,,,27.477,,0.879264,SDSS_DR12
2619,,,,46.066,,1.474112,SDSS_DR12
21634,,,,73.064,,2.3380479999999997,SDSS_DR12
9173,,,,50.79,,1.62528,SDSS_DR12
18077,,,,85.851,,2.747232,SDSS_DR12
13556,,,,51.289,,1.641248,SDSS_DR12
17290,,,,73.406,,2.3489920000000004,SDSS_DR12
11581,,,,33.12,,1.05984,SDSS_DR12
4859,,,,63.044,,2.017408,SDSS_DR12
21371,,,,58.772,,1.880704,SDSS_DR12
17711,,,,54.131,,1.732192,SDSS_DR12
22524,,,,70.178,,2.245696,SDSS_DR12
15117,,,,44.445,,1.42224,SDSS_DR12
12812,,,,55.864,,1.787648,SDSS_DR12
6729,,,,62.158,,1.9890560000000002,SDSS_DR12
2591,,,,63.848,,2.043136,SDSS_DR12
10024,,,,21.347,,0.683104,SDSS_DR12
4395,,,,91.328,,2.922496,SDSS_DR12
13669,,,,60.554,,1.9377280000000001,SDSS_DR12
19796,,,,41.471,,1.3270719999999998,SDSS_DR12
19847,,,,65.068,,2.082176,SDSS_DR12
19861,,,,82.37,,2.6358400000000004,SDSS_DR12
22129,,,,69.996,,2.239872,SDSS_DR12
18298,,,,71.203,,2.278496,SDSS_DR12
21068,,,,59.081,,1.890592,SDSS_DR12
17611,,,,69.175,,2.2136,SDSS_DR12
17222,,,,70.332,,2.2506239999999997,SDSS_DR12
3576,,,,62.732,,2.007424,SDSS_DR12
21921,,,,60.777,,1.9448640000000001,SDSS_DR12
22520,,,,58.571,,1.874272,SDSS_DR12
8794,,,,59.922,,1.9175039999999999,SDSS_DR12
3296,,,,60.75,,1.944,SDSS_DR12
10593,,,,46.27,,1.4806400000000002,SDSS_DR12
5278,,,,39.829,,1.274528,SDSS_DR12
900,,,,20.556,,0.657792,SDSS_DR12
825,,,,61.25,,1.96,SDSS_DR12
4866,,,,33.803,,1.081696,SDSS_DR12
17574,,,,26.026,,0.832832,SDSS_DR12
19336,,,,30.808,,0.9858560000000001,SDSS_DR12
15558,,,,60.952,,1.950464,SDSS_DR12
17812,,,,70.2,,2.2464,SDSS_DR12
7221,,,,39.906,,1.276992,SDSS_DR12
12374,,,,59.983,,1.919456,SDSS_DR12
16030,,,,57.14,,1.82848,SDSS_DR12
4403,,,,51.274,,1.640768,SDSS_DR12
9778,,,,65.572,,2.098304,SDSS_DR12
2211,,,,20.269,,0.648608,SDSS_DR12
4457,,,,61.399,,1.964768,SDSS_DR12
20012,,,,70.088,,2.242816,SDSS_DR12
21786,,,,34.858,,1.115456,SDSS_DR12
14752,,,,43.625,,1.3960000000000001,SDSS_DR12
12573,,,,55.642,,1.7805440000000001,SDSS_DR12
2596,,,,56.514,,1.808448,SDSS_DR12
17603,,,,74.358,,2.3794560000000002,SDSS_DR12
15033,,,,58.728,,1.879296,SDSS_DR12
14779,,,,55.452,,1.774464,SDSS_DR12
4637,,,,55.805,,1.78576,SDSS_DR12
13023,,,,66.314,,2.122048,SDSS_DR12
2629,,,,39.254,,1.256128,SDSS_DR12
17502,,,,42.851,,1.371232,SDSS_DR12
8793,,,,63.756,,2.0401920000000002,SDSS_DR12
9009,,,,65.887,,2.108384,SDSS_DR12
16640,,,,35.594,,1.139008,SDSS_DR12
17126,,,,41.736,,1.3355519999999999,SDSS_DR12
6592,,,,90.445,,2.89424,SDSS_DR12
183,,,,44.222,,1.4151040000000001,SDSS_DR12
11120,,,,62.812,,2.0099839999999998,SDSS_DR12
11874,,,,43.094,,1.379008,SDSS_DR12
15443,,,,60.907,,1.9490239999999999,SDSS_DR12
22068,,,,67.133,,2.148256,SDSS_DR12
8549,,,,33.558,,1.073856,SDSS_DR12
15007,,,,73.483,,2.351456,SDSS_DR12
19657,,,,57.652,,1.844864,SDSS_DR12
14029,,,,63.583,,2.034656,SDSS_DR12
14952,,,,63.855,,2.04336,SDSS_DR12
12141,,,,37.879,,1.2121279999999999,SDSS_DR12
19858,,,,59.747,,1.911904,SDSS_DR12
12888,,,,46.818,,1.498176,SDSS_DR12
9889,,,,46.611,,1.491552,SDSS_DR12
1303,,,,68.053,,2.177696,SDSS_DR12
1047,,,,31.65,,1.0128,SDSS_DR12
4726,,,,36.362,,1.1635840000000002,SDSS_DR12
22164,,,,75.776,,2.424832,SDSS_DR12
8608,,,,48.369,,1.547808,SDSS_DR12
11043,,,,80.25,,2.568,SDSS_DR12
7585,,,,67.013,,2.144416,SDSS_DR12
20037,,,,31.885,,1.0203200000000001,SDSS_DR12
11474,,,,55.827,,1.786464,SDSS_DR12
17643,,,,56.555,,1.80976,SDSS_DR12
276,,,,55.279,,1.768928,SDSS_DR12
16215,,,,49.788,,1.593216,SDSS_DR12
148,,,,74.792,,2.393344,SDSS_DR12
1364,,,,73.25,,2.344,SDSS_DR12
16381,,,,19.696,,0.630272,SDSS_DR12
17291,,,,52.127,,1.6680640000000002,SDSS_DR12
18352,,,,70.718,,2.262976,SDSS_DR12
6272,,,,84.092,,2.690944,SDSS_DR12
19141,,,,36.586,,1.170752,SDSS_DR12
16374,,,,21.293,,0.681376,SDSS_DR12
9662,,,,60.32,,1.93024,SDSS_DR12
15329,,,,80.181,,2.565792,SDSS_DR12
12335,,,,61.61,,1.97152,SDSS_DR12
16079,,,,39.061,,1.249952,SDSS_DR12
21913,,,,78.48,,2.5113600000000003,SDSS_DR12
5989,,,,37.154,,1.1889280000000002,SDSS_DR12
22124,,,,68.394,,2.1886080000000003,SDSS_DR12
11881,,,,80.672,,2.581504,SDSS_DR12
19612,,,,87.078,,2.786496,SDSS_DR12
21507,,,,104.931,,3.357792,SDSS_DR12
14622,,,,36.965,,1.1828800000000002,SDSS_DR12
14901,,,,91.289,,2.9212480000000003,SDSS_DR12
19724,,,,92.325,,2.9544,SDSS_DR12
12909,,,,46.648,,1.492736,SDSS_DR12
19870,,,,68.091,,2.178912,SDSS_DR12
4687,,,,44.12,,1.41184,SDSS_DR12
15591,,,,60.362,,1.9315840000000002,SDSS_DR12
21215,,,,55.923,,1.789536,SDSS_DR12
881,,,,62.119,,1.987808,SDSS_DR12
20222,,,,51.93,,1.6617600000000001,SDSS_DR12
899,,,,59.246,,1.895872,SDSS_DR12
19635,,,,33.293,,1.065376,SDSS_DR12
4738,,,,65.242,,2.0877440000000003,SDSS_DR12
9956,,,,22.317,,0.714144,SDSS_DR12
18662,,,,73.631,,2.356192,SDSS_DR12
141,,,,61.465,,1.9668800000000002,SDSS_DR12
18756,,,,77.773,,2.488736,SDSS_DR12
7200,,,,57.753,,1.848096,SDSS_DR12
21349,,,,60.419,,1.933408,SDSS_DR12
9094,,,,54.846,,1.755072,SDSS_DR12
22148,,,,94.659,,3.0290880000000002,SDSS_DR12
4680,,,,39.641,,1.2685119999999999,SDSS_DR12
3442,,,,66.153,,2.116896,SDSS_DR12
11658,,,,22.1,,0.7072,SDSS_DR12
18175,,,,65.62,,2.0998400000000004,SDSS_DR12
21959,,,,55.644,,1.780608,SDSS_DR12
21565,,,,54.885,,1.7563199999999999,SDSS_DR12
11396,,,,47.469,,1.5190080000000001,SDSS_DR12
21119,,,,58.569,,1.874208,SDSS_DR12
16630,,,,54.522,,1.744704,SDSS_DR12
11786,,,,78.156,,2.500992,SDSS_DR12
4678,,,,67.616,,2.163712,SDSS_DR12
21463,,,,54.507,,1.744224,SDSS_DR12
17833,,,,48.77,,1.56064,SDSS_DR12
15445,,,,63.52,,2.0326400000000002,SDSS_DR12
16196,,,,73.84,,2.36288,SDSS_DR12
4270,,,,60.072,,1.9223040000000002,SDSS_DR12
3441,,,,35.724,,1.143168,SDSS_DR12
19601,,,,37.315,,1.19408,SDSS_DR12
13703,,,,52.96,,1.69472,SDSS_DR12
4262,,,,62.968,,2.0149760000000003,SDSS_DR12
2634,,,,30.679,,0.9817279999999999,SDSS_DR12
1236,,,,56.95,,1.8224,SDSS_DR12
12591,,,,57.503,,1.840096,SDSS_DR12
2536,,,,40.844,,1.3070080000000002,SDSS_DR12
8911,,,,59.0,,1.8880000000000001,SDSS_DR12
2235,,,,42.408,,1.357056,SDSS_DR12
16693,,,,55.774,,1.7847680000000001,SDSS_DR12
12105,,,,53.674,,1.717568,SDSS_DR12
887,,,,41.254,,1.320128,SDSS_DR12
12778,,,,36.479,,1.167328,SDSS_DR12
16311,,,,33.173,,1.061536,SDSS_DR12
22602,,,,74.874,,2.395968,SDSS_DR12
14960,,,,58.744,,1.879808,SDSS_DR12
11374,,,,61.046,,1.953472,SDSS_DR12
20199,,,,41.139,,1.316448,SDSS_DR12
11752,,,,36.753,,1.176096,SDSS_DR12
5285,,,,41.409,,1.325088,SDSS_DR12
15562,,,,48.656,,1.556992,SDSS_DR12
15417,,,,33.199,,1.062368,SDSS_DR12
21616,,,,76.99,,2.46368,SDSS_DR12
21937,,,,36.04,,1.15328,SDSS_DR12
14673,,,,99.712,,3.1907840000000003,SDSS_DR12
3559,,,,62.371,,1.995872,SDSS_DR12
15046,,,,60.487,,1.9355840000000002,SDSS_DR12
4350,,,,69.34,,2.21888,SDSS_DR12
11495,,,,34.251,,1.096032,SDSS_DR12
9813,,,,43.129,,1.380128,SDSS_DR12
1211,,,,27.058,,0.865856,SDSS_DR12
1255,,,,41.007,,1.312224,SDSS_DR12
15511,,,,56.378,,1.8040960000000001,SDSS_DR12
5072,,,,57.254,,1.832128,SDSS_DR12
14252,,,,66.547,,2.129504,SDSS_DR12
17794,,,,68.221,,2.183072,SDSS_DR12
1357,,,,49.603,,1.587296,SDSS_DR12
3524,,,,63.473,,2.031136,SDSS_DR12
11216,,,,35.714,,1.142848,SDSS_DR12
19841,,,,71.77,,2.29664,SDSS_DR12
21589,,,,64.003,,2.048096,SDSS_DR12
16911,,,,23.83,,0.76256,SDSS_DR12
15951,,,,93.318,,2.986176,SDSS_DR12
17737,,,,47.714,,1.526848,SDSS_DR12
22586,,,,59.387,,1.900384,SDSS_DR12
4204,,,,54.384,,1.740288,SDSS_DR12
12126,,,,34.104,,1.091328,SDSS_DR12
15737,,,,40.824,,1.306368,SDSS_DR12
21432,,,,58.039,,1.857248,SDSS_DR12
10757,,,,28.071,,0.8982720000000001,SDSS_DR12
14253,,,,42.652,,1.364864,SDSS_DR12
12768,,,,40.514,,1.296448,SDSS_DR12
17188,,,,72.382,,2.316224,SDSS_DR12
8529,,,,32.342,,1.034944,SDSS_DR12
18319,,,,72.904,,2.332928,SDSS_DR12
20890,,,,88.41,,2.82912,SDSS_DR12
18716,,,,24.489,,0.783648,SDSS_DR12
16296,,,,88.867,,2.843744,SDSS_DR12
16260,,,,59.781,,1.912992,SDSS_DR12
14689,,,,60.694,,1.9422080000000002,SDSS_DR12
9026,,,,47.602,,1.523264,SDSS_DR12
21843,,,,49.7,,1.5904,SDSS_DR12
16192,,,,56.286,,1.801152,SDSS_DR12
16268,,,,50.295,,1.60944,SDSS_DR12
19273,,,,40.999,,1.311968,SDSS_DR12
19904,,,,66.447,,2.126304,SDSS_DR12
1395,,,,25.41,,0.8131200000000001,SDSS_DR12
6764,,,,50.707,,1.622624,SDSS_DR12
18632,,,,53.686,,1.717952,SDSS_DR12
1270,,,,41.462,,1.3267840000000002,SDSS_DR12
890,,,,53.178,,1.7016959999999999,SDSS_DR12
21120,,,,71.451,,2.286432,SDSS_DR12
18411,,,,50.815,,1.62608,SDSS_DR12
6678,,,,24.866,,0.795712,SDSS_DR12
15010,,,,37.777,,1.2088640000000002,SDSS_DR12
8101,,,,50.498,,1.615936,SDSS_DR12
19989,,,,51.355,,1.64336,SDSS_DR12
9847,,,,46.131,,1.476192,SDSS_DR12
5990,,,,54.595,,1.74704,SDSS_DR12
19957,,,,44.299,,1.417568,SDSS_DR12
19613,,,,61.489,,1.9676479999999998,SDSS_DR12
17328,,,,22.323,,0.7143360000000001,SDSS_DR12
12747,,,,55.399,,1.7727680000000001,SDSS_DR12
12360,,,,39.265,,1.25648,SDSS_DR12
10833,,,,25.076,,0.802432,SDSS_DR12
19839,,,,61.201,,1.958432,SDSS_DR12
13929,,,,34.505,,1.10416,SDSS_DR12
13931,,,,55.933,,1.7898560000000001,SDSS_DR12
12135,,,,22.129,,0.7081280000000001,SDSS_DR12
11861,,,,43.079,,1.378528,SDSS_DR12
4282,,,,53.662,,1.717184,SDSS_DR12
21985,,,,43.573,,1.394336,SDSS_DR12
11128,,,,41.839,,1.338848,SDSS_DR12
14984,,,,63.479,,2.031328,SDSS_DR12
14345,,,,75.612,,2.419584,SDSS_DR12
15232,,,,38.616,,1.235712,SDSS_DR12
3606,,,,58.982,,1.887424,SDSS_DR12
16553,,,,72.599,,2.3231680000000003,SDSS_DR12
17861,,,,43.431,,1.389792,SDSS_DR12
4661,,,,37.244,,1.191808,SDSS_DR12
898,,,,47.296,,1.513472,SDSS_DR12
19781,,,,26.866,,0.859712,SDSS_DR12
15595,,,,61.674,,1.973568,SDSS_DR12
734,,,,16.123,,0.5159360000000001,SDSS_DR12
8772,,,,53.279,,1.7049280000000002,SDSS_DR12
14854,,,,60.035,,1.92112,SDSS_DR12
14307,,,,51.255,,1.64016,SDSS_DR12
17894,,,,65.635,,2.1003200000000004,SDSS_DR12
17822,,,,52.504,,1.680128,SDSS_DR12
15251,,,,80.408,,2.5730560000000002,SDSS_DR12
22048,,,,48.601,,1.555232,SDSS_DR12
9931,,,,48.322,,1.5463040000000001,SDSS_DR12
3491,,,,37.032,,1.1850239999999999,SDSS_DR12
906,,,,25.06,,0.80192,SDSS_DR12
353,,,,62.37,,1.99584,SDSS_DR12
19789,,,,52.098,,1.667136,SDSS_DR12
13055,,,,77.758,,2.488256,SDSS_DR12
773,,,,30.914,,0.989248,SDSS_DR12
21833,,,,77.245,,2.4718400000000003,SDSS_DR12
139,,,,59.004,,1.888128,SDSS_DR12
4653,,,,53.474,,1.711168,SDSS_DR12
13608,,,,56.558,,1.8098560000000001,SDSS_DR12
14443,,,,47.25,,1.512,SDSS_DR12
9816,,,,57.073,,1.826336,SDSS_DR12
4241,,,,65.442,,2.094144,SDSS_DR12
18590,,,,42.889,,1.3724480000000001,SDSS_DR12
19825,,,,65.89,,2.10848,SDSS_DR12
21396,,,,74.281,,2.3769920000000004,SDSS_DR12
4335,,,,62.025,,1.9848,SDSS_DR12
20968,,,,56.628,,1.8120960000000002,SDSS_DR12
7658,,,,57.894,,1.852608,SDSS_DR12
15070,,,,34.963,,1.118816,SDSS_DR12
21562,,,,55.993,,1.791776,SDSS_DR12
16153,,,,74.853,,2.395296,SDSS_DR12
4156,,,,33.097,,1.059104,SDSS_DR12
18618,,,,82.918,,2.653376,SDSS_DR12
16507,,,,41.209,,1.318688,SDSS_DR12
2607,,,,48.4,,1.5488,SDSS_DR12
15616,,,,51.914,,1.661248,SDSS_DR12
12543,,,,52.739,,1.687648,SDSS_DR12
16497,,,,48.677,,1.557664,SDSS_DR12
12263,,,,62.799,,2.0095680000000002,SDSS_DR12
7610,,,,67.201,,2.150432,SDSS_DR12
13615,,,,46.581,,1.4905920000000001,SDSS_DR12
21161,,,,28.183,,0.901856,SDSS_DR12
17190,,,,48.43,,1.54976,SDSS_DR12
4681,,,,55.604,,1.779328,SDSS_DR12
3697,,,,68.586,,2.194752,SDSS_DR12
4362,,,,36.175,,1.1576,SDSS_DR12
3521,,,,48.418,,1.549376,SDSS_DR12
6772,,,,52.919,,1.693408,SDSS_DR12
17772,,,,45.64,,1.46048,SDSS_DR12
16610,,,,70.769,,2.2646080000000004,SDSS_DR12
7635,,,,53.031,,1.696992,SDSS_DR12
15596,,,,53.332,,1.7066240000000001,SDSS_DR12
21868,,,,81.266,,2.600512,SDSS_DR12
15240,,,,58.47,,1.87104,SDSS_DR12
18106,,,,61.53,,1.96896,SDSS_DR12
6161,,,,73.905,,2.36496,SDSS_DR12
12467,,,,34.452,,1.1024639999999999,SDSS_DR12
12777,,,,41.955,,1.34256,SDSS_DR12
6214,,,,81.969,,2.623008,SDSS_DR12
21258,,,,51.295,,1.64144,SDSS_DR12
16016,,,,54.961,,1.758752,SDSS_DR12
8978,,,,48.582,,1.554624,SDSS_DR12
2628,,,,43.145,,1.38064,SDSS_DR12
16300,,,,41.397,,1.3247039999999999,SDSS_DR12
7685,,,,45.819,,1.4662080000000002,SDSS_DR12
5079,,,,58.408,,1.869056,SDSS_DR12
17908,,,,55.564,,1.778048,SDSS_DR12
13604,,,,39.316,,1.2581120000000001,SDSS_DR12
14869,,,,77.786,,2.4891520000000003,SDSS_DR12
20938,,,,58.744,,1.879808,SDSS_DR12
14851,,,,58.23,,1.86336,SDSS_DR12
19902,,,,45.184,,1.4458879999999998,SDSS_DR12
310,,,,51.302,,1.641664,SDSS_DR12
3298,,,,35.036,,1.1211520000000001,SDSS_DR12
17314,,,,59.485,,1.90352,SDSS_DR12
21443,,,,62.104,,1.987328,SDSS_DR12
21788,,,,49.425,,1.5816,SDSS_DR12
4620,,,,31.513,,1.008416,SDSS_DR12
15466,,,,35.907,,1.1490239999999998,SDSS_DR12
2236,,,,40.499,,1.295968,SDSS_DR12
18030,,,,77.419,,2.477408,SDSS_DR12
46,,,,36.28,,1.16096,SDSS_DR12
9757,,,,52.042,,1.6653440000000002,SDSS_DR12
14993,,,,43.059,,1.377888,SDSS_DR12
17178,,,,61.185,,1.95792,SDSS_DR12
15273,,,,59.347,,1.8991040000000001,SDSS_DR12
13551,,,,54.388,,1.740416,SDSS_DR12
22014,,,,64.425,,2.0616,SDSS_DR12
18624,,,,67.001,,2.144032,SDSS_DR12
17698,,,,59.386,,1.900352,SDSS_DR12
21112,,,,67.514,,2.1604479999999997,SDSS_DR12
17146,,,,41.248,,1.319936,SDSS_DR12
13605,,,,68.757,,2.2002240000000004,SDSS_DR12
15191,,,,86.374,,2.7639679999999998,SDSS_DR12
8920,,,,70.463,,2.254816,SDSS_DR12
11196,,,,43.811,,1.401952,SDSS_DR12
6231,,,,64.422,,2.061504,SDSS_DR12
13181,,,,49.488,,1.583616,SDSS_DR12
1253,,,,44.935,,1.43792,SDSS_DR12
21702,,,,67.235,,2.15152,SDSS_DR12
16506,,,,69.465,,2.22288,SDSS_DR12
7409,,,,35.366,,1.131712,SDSS_DR12
15953,,,,37.162,,1.189184,SDSS_DR12
1171,,,,31.619,,1.011808,SDSS_DR12
14212,,,,41.315,,1.32208,SDSS_DR12
21437,,,,47.026,,1.5048320000000002,SDSS_DR12
12627,,,,31.373,,1.0039360000000002,SDSS_DR12
22230,,,,47.64,,1.52448,SDSS_DR12
20209,,,,104.126,,3.3320320000000003,SDSS_DR12
7075,,,,47.071,,1.506272,SDSS_DR12
19903,,,,46.713,,1.4948160000000001,SDSS_DR12
2616,,,,37.911,,1.213152,SDSS_DR12
283,,,,40.695,,1.30224,SDSS_DR12
21819,,,,60.675,,1.9416,SDSS_DR12
19995,,,,66.953,,2.142496,SDSS_DR12
12018,,,,80.26,,2.5683200000000004,SDSS_DR12
14367,,,,72.994,,2.335808,SDSS_DR12
17851,,,,65.102,,2.0832640000000002,SDSS_DR12
6576,,,,36.208,,1.158656,SDSS_DR12
15190,,,,52.815,,1.69008,SDSS_DR12
21899,,,,67.491,,2.159712,SDSS_DR12
14868,,,,55.475,,1.7752000000000001,SDSS_DR12
21759,,,,53.902,,1.7248640000000002,SDSS_DR12
11147,,,,34.223,,1.0951359999999999,SDSS_DR12
17114,,,,24.142,,0.772544,SDSS_DR12
17405,,,,57.522,,1.840704,SDSS_DR12
11926,,,,44.551,,1.425632,SDSS_DR12
9689,,,,64.906,,2.076992,SDSS_DR12
4723,,,,63.38,,2.02816,SDSS_DR12
970,,,,60.886,,1.948352,SDSS_DR12
18083,,,,67.72,,2.16704,SDSS_DR12
4860,,,,23.926,,0.765632,SDSS_DR12
17072,,,,31.574,,1.0103680000000002,SDSS_DR12
17847,,,,53.152,,1.7008640000000002,SDSS_DR12
4875,,,,40.654,,1.300928,SDSS_DR12
1219,,,,51.2,,1.6384,SDSS_DR12
15447,,,,62.156,,1.988992,SDSS_DR12
7993,,,,54.212,,1.734784,SDSS_DR12
14866,,,,68.091,,2.178912,SDSS_DR12
21397,,,,38.101,,1.219232,SDSS_DR12
14840,,,,59.386,,1.900352,SDSS_DR12
13598,,,,52.788,,1.6892159999999998,SDSS_DR12
20250,,,,28.928,,0.9256960000000001,SDSS_DR12
14368,,,,48.248,,1.543936,SDSS_DR12
16021,,,,64.148,,2.052736,SDSS_DR12
9724,,,,59.161,,1.8931520000000002,SDSS_DR12
18739,,,,63.29,,2.02528,SDSS_DR12
22100,,,,82.288,,2.633216,SDSS_DR12
7247,,,,41.362,,1.323584,SDSS_DR12
19828,,,,40.242,,1.287744,SDSS_DR12
6575,,,,43.19,,1.38208,SDSS_DR12
19174,,,,54.512,,1.7443840000000002,SDSS_DR12
12019,,,,44.835,,1.43472,SDSS_DR12
11872,,,,45.356,,1.451392,SDSS_DR12
7976,,,,61.624,,1.9719680000000002,SDSS_DR12
12804,,,,39.198,,1.2543360000000001,SDSS_DR12
9083,,,,19.635,,0.6283200000000001,SDSS_DR12
9168,,,,54.875,,1.756,SDSS_DR12
21422,,,,51.662,,1.653184,SDSS_DR12
1943,,,,55.174,,1.765568,SDSS_DR12
3302,,,,53.148,,1.7007360000000002,SDSS_DR12
9052,,,,56.135,,1.79632,SDSS_DR12
8992,,,,56.644,,1.812608,SDSS_DR12
19817,,,,53.356,,1.707392,SDSS_DR12
7404,,,,53.905,,1.72496,SDSS_DR12
11932,,,,44.464,,1.422848,SDSS_DR12
17793,,,,50.278,,1.6088959999999999,SDSS_DR12
22741,,,,50.09,,1.60288,SDSS_DR12
14385,,,,34.876,,1.116032,SDSS_DR12
16512,,,,47.99,,1.5356800000000002,SDSS_DR12
16031,,,,47.325,,1.5144000000000002,SDSS_DR12
10595,,,,61.329,,1.962528,SDSS_DR12
22188,,,,52.561,,1.6819520000000001,SDSS_DR12
18504,,,,60.644,,1.9406079999999999,SDSS_DR12
19161,,,,51.02,,1.63264,SDSS_DR12
17926,,,,57.554,,1.841728,SDSS_DR12
19434,,,,40.494,,1.295808,SDSS_DR12
21271,,,,44.645,,1.4286400000000001,SDSS_DR12
10550,,,,29.444,,0.9422079999999999,SDSS_DR12
15116,,,,48.703,,1.558496,SDSS_DR12
21527,,,,35.578,,1.1384960000000002,SDSS_DR12
21677,,,,52.537,,1.681184,SDSS_DR12
7231,,,,30.984,,0.991488,SDSS_DR12
15569,,,,86.047,,2.753504,SDSS_DR12
12784,,,,56.327,,1.802464,SDSS_DR12
991,,,,47.993,,1.535776,SDSS_DR12
14660,,,,62.582,,2.002624,SDSS_DR12
19826,,,,61.544,,1.969408,SDSS_DR12
4007,,,,47.934,,1.533888,SDSS_DR12
17692,,,,53.746,,1.719872,SDSS_DR12
16643,,,,83.422,,2.669504,SDSS_DR12
19814,,,,55.716,,1.782912,SDSS_DR12
10596,,,,52.442,,1.678144,SDSS_DR12
17689,,,,38.111,,1.219552,SDSS_DR12
5074,,,,51.497,,1.647904,SDSS_DR12
17264,,,,65.292,,2.089344,SDSS_DR12
18592,,,,77.666,,2.485312,SDSS_DR12
20075,,,,42.486,,1.3595519999999999,SDSS_DR12
21754,,,,51.987,,1.6635840000000002,SDSS_DR12
15280,,,,39.461,,1.2627519999999999,SDSS_DR12
17623,,,,47.004,,1.504128,SDSS_DR12
17327,,,,79.79,,2.5532800000000004,SDSS_DR12
16321,,,,42.124,,1.347968,SDSS_DR12
20249,,,,36.238,,1.159616,SDSS_DR12
19423,,,,48.82,,1.56224,SDSS_DR12
17901,,,,60.569,,1.9382080000000002,SDSS_DR12
11055,,,,52.161,,1.669152,SDSS_DR12
15536,,,,45.839,,1.466848,SDSS_DR12
7759,,,,54.829,,1.754528,SDSS_DR12
12708,,,,37.711,,1.206752,SDSS_DR12
12173,,,,30.568,,0.978176,SDSS_DR12
17750,,,,77.837,,2.490784,SDSS_DR12
1168,,,,47.814,,1.530048,SDSS_DR12
15533,,,,56.35,,1.8032000000000001,SDSS_DR12
14435,,,,52.0,,1.6640000000000001,SDSS_DR12
9095,,,,27.278,,0.872896,SDSS_DR12
13394,,,,26.226,,0.839232,SDSS_DR12
16505,,,,63.315,,2.02608,SDSS_DR12
15353,,,,52.089,,1.6668479999999999,SDSS_DR12
12341,,,,59.968,,1.9189760000000002,SDSS_DR12
16580,,,,55.3,,1.7695999999999998,SDSS_DR12
14809,,,,77.932,,2.493824,SDSS_DR12
18198,,,,68.642,,2.196544,SDSS_DR12
21108,,,,54.259,,1.736288,SDSS_DR12
17756,,,,43.16,,1.38112,SDSS_DR12
22196,,,,50.033,,1.601056,SDSS_DR12
14972,,,,91.767,,2.936544,SDSS_DR12
1176,,,,17.151,,0.548832,SDSS_DR12
17708,,,,30.653,,0.980896,SDSS_DR12
8779,,,,59.982,,1.919424,SDSS_DR12
11210,,,,43.689,,1.398048,SDSS_DR12
18751,,,,48.215,,1.5428800000000003,SDSS_DR12
22307,,,,46.026,,1.4728320000000001,SDSS_DR12
12080,,,,53.767,,1.720544,SDSS_DR12
10838,,,,23.268,,0.744576,SDSS_DR12
18371,,,,45.207,,1.4466240000000001,SDSS_DR12
11892,,,,56.254,,1.800128,SDSS_DR12
12841,,,,72.932,,2.333824,SDSS_DR12
3520,,,,61.016,,1.952512,SDSS_DR12
21053,,,,74.638,,2.3884160000000003,SDSS_DR12
16741,,,,24.974,,0.799168,SDSS_DR12
16366,,,,33.381,,1.068192,SDSS_DR12
7668,,,,40.919,,1.309408,SDSS_DR12
13763,,,,59.551,,1.905632,SDSS_DR12
14846,,,,59.656,,1.908992,SDSS_DR12
13129,,,,57.094,,1.827008,SDSS_DR12
12867,,,,62.437,,1.997984,SDSS_DR12
1275,,,,49.701,,1.590432,SDSS_DR12
11400,,,,26.209,,0.838688,SDSS_DR12
11588,,,,47.468,,1.518976,SDSS_DR12
3707,,,,46.129,,1.4761279999999999,SDSS_DR12
4920,,,,34.089,,1.090848,SDSS_DR12
1361,,,,49.231,,1.5753920000000001,SDSS_DR12
21698,,,,54.65,,1.7488,SDSS_DR12
13028,,,,59.756,,1.9121920000000001,SDSS_DR12
12396,,,,29.896,,0.9566720000000001,SDSS_DR12
1223,,,,30.422,,0.973504,SDSS_DR12
1338,,,,57.668,,1.845376,SDSS_DR12
18663,,,,59.934,,1.917888,SDSS_DR12
12145,,,,52.017,,1.664544,SDSS_DR12
7639,,,,52.358,,1.6754559999999998,SDSS_DR12
15430,,,,39.112,,1.251584,SDSS_DR12
4293,,,,66.615,,2.13168,SDSS_DR12
13679,,,,40.746,,1.3038720000000001,SDSS_DR12
3421,,,,48.149,,1.5407680000000001,SDSS_DR12
7232,,,,44.13,,1.41216,SDSS_DR12
1070,,,,30.791,,0.9853120000000001,SDSS_DR12
8589,,,,57.647,,1.844704,SDSS_DR12
22165,,,,59.203,,1.8944960000000002,SDSS_DR12
8258,,,,46.423,,1.4855360000000002,SDSS_DR12
21141,,,,77.157,,2.469024,SDSS_DR12
1256,,,,41.963,,1.342816,SDSS_DR12
13097,,,,46.875,,1.5,SDSS_DR12
12079,,,,40.925,,1.3095999999999999,SDSS_DR12
7854,,,,53.009,,1.696288,SDSS_DR12
8172,,,,36.937,,1.181984,SDSS_DR12
14740,,,,78.61,,2.51552,SDSS_DR12
17058,,,,60.329,,1.930528,SDSS_DR12
6216,,,,57.234,,1.831488,SDSS_DR12
2592,,,,47.556,,1.521792,SDSS_DR12
9172,,,,26.639,,0.852448,SDSS_DR12
19726,,,,49.33,,1.57856,SDSS_DR12
14690,,,,36.955,,1.18256,SDSS_DR12
6319,,,,20.881,,0.668192,SDSS_DR12
14346,,,,38.434,,1.2298879999999999,SDSS_DR12
16129,,,,52.548,,1.6815360000000001,SDSS_DR12
19414,,,,48.842,,1.5629439999999999,SDSS_DR12
4025,,,,43.803,,1.4016959999999998,SDSS_DR12
21032,,,,59.918,,1.917376,SDSS_DR12
17079,,,,34.426,,1.1016320000000002,SDSS_DR12
17938,,,,38.999,,1.2479680000000002,SDSS_DR12
18003,,,,46.891,,1.500512,SDSS_DR12
826,,,,43.503,,1.392096,SDSS_DR12
11732,,,,53.501,,1.712032,SDSS_DR12
17935,,,,62.221,,1.991072,SDSS_DR12
17563,,,,62.324,,1.994368,SDSS_DR12
19865,,,,66.002,,2.1120639999999997,SDSS_DR12
19123,,,,52.578,,1.6824960000000002,SDSS_DR12
11148,,,,58.494,,1.8718080000000001,SDSS_DR12
21904,,,,51.245,,1.63984,SDSS_DR12
11544,,,,50.905,,1.62896,SDSS_DR12
21820,,,,51.479,,1.647328,SDSS_DR12
3706,,,,47.256,,1.512192,SDSS_DR12
2567,,,,46.205,,1.4785599999999999,SDSS_DR12
21240,,,,80.728,,2.583296,SDSS_DR12
22199,,,,46.603,,1.4912960000000002,SDSS_DR12
9466,,,,27.918,,0.893376,SDSS_DR12
21582,,,,38.761,,1.2403520000000001,SDSS_DR12
4604,,,,59.519,,1.904608,SDSS_DR12
15274,,,,74.208,,2.374656,SDSS_DR12
16656,,,,51.533,,1.649056,SDSS_DR12
18616,,,,33.648,,1.0767360000000001,SDSS_DR12
22748,,,,56.789,,1.817248,SDSS_DR12
7249,,,,67.305,,2.15376,SDSS_DR12
13052,,,,31.007,,0.9922240000000001,SDSS_DR12
18749,,,,38.435,,1.2299200000000001,SDSS_DR12
21847,,,,51.43,,1.6457600000000001,SDSS_DR12
12469,,,,44.049,,1.409568,SDSS_DR12
9561,,,,26.928,,0.861696,SDSS_DR12
5227,,,,58.149,,1.860768,SDSS_DR12
7087,,,,94.622,,3.027904,SDSS_DR12
3478,,,,73.126,,2.3400320000000003,SDSS_DR12
7225,,,,132.644,,4.244608,SDSS_DR12
6622,,,,52.5,,1.68,SDSS_DR12
7103,,,,77.588,,2.4828159999999997,SDSS_DR12
1029,,,,56.102,,1.795264,SDSS_DR12
4240,,,,110.053,,3.521696,SDSS_DR12
3940,,,,34.845,,1.11504,SDSS_DR12
1971,,,,68.072,,2.1783040000000002,SDSS_DR12
6977,,,,58.704,,1.878528,SDSS_DR12
2119,,,,57.932,,1.8538240000000001,SDSS_DR12
3345,,,,57.933,,1.853856,SDSS_DR12
5079,,,,93.826,,3.0024319999999998,SDSS_DR12
1671,,,,38.12,,1.21984,SDSS_DR12
7580,,,,71.064,,2.2740479999999996,SDSS_DR12
8549,,,,55.909,,1.789088,SDSS_DR12
8776,,,,53.606,,1.715392,SDSS_DR12
5009,,,,20.514,,0.656448,SDSS_DR12
1851,,,,53.798,,1.7215360000000002,SDSS_DR12
7526,,,,58.206,,1.8625920000000002,SDSS_DR12
6630,,,,45.557,,1.457824,SDSS_DR12
7490,,,,47.903,,1.532896,SDSS_DR12
7189,,,,72.657,,2.325024,SDSS_DR12
289,,,,71.175,,2.2776,SDSS_DR12
2543,,,,60.078,,1.9224960000000002,SDSS_DR12
4325,,,,41.139,,1.316448,SDSS_DR12
643,,,,56.6,,1.8112000000000001,SDSS_DR12
7437,,,,85.577,,2.738464,SDSS_DR12
9591,,,,56.498,,1.807936,SDSS_DR12
794,,,,62.152,,1.988864,SDSS_DR12
6069,,,,53.027,,1.6968640000000001,SDSS_DR12
2124,,,,32.345,,1.03504,SDSS_DR12
3181,,,,54.579,,1.746528,SDSS_DR12
7557,,,,76.012,,2.432384,SDSS_DR12
4211,,,,62.852,,2.0112639999999997,SDSS_DR12
9567,,,,30.076,,0.9624320000000001,SDSS_DR12
3243,,,,51.513,,1.6484159999999999,SDSS_DR12
8115,,,,52.843,,1.6909760000000003,SDSS_DR12
8157,,,,56.221,,1.799072,SDSS_DR12
1677,,,,47.168,,1.509376,SDSS_DR12
4518,,,,60.291,,1.929312,SDSS_DR12
7411,,,,59.486,,1.903552,SDSS_DR12
1682,,,,90.852,,2.907264,SDSS_DR12
7470,,,,73.719,,2.3590079999999998,SDSS_DR12
9545,,,,19.553,,0.625696,SDSS_DR12
8349,,,,44.526,,1.424832,SDSS_DR12
8960,,,,35.375,,1.1320000000000001,SDSS_DR12
7488,,,,51.729,,1.655328,SDSS_DR12
6564,,,,56.625,,1.812,SDSS_DR12
687,,,,57.42,,1.8374400000000002,SDSS_DR12
905,,,,64.805,,2.07376,SDSS_DR12
6364,,,,64.706,,2.070592,SDSS_DR12
673,,,,26.11,,0.83552,SDSS_DR12
1800,,,,47.431,,1.517792,SDSS_DR12
5685,,,,87.737,,2.807584,SDSS_DR12
3920,,,,43.544,,1.393408,SDSS_DR12
1944,,,,50.876,,1.628032,SDSS_DR12
5050,,,,65.232,,2.087424,SDSS_DR12
1483,,,,82.699,,2.646368,SDSS_DR12
1788,,,,42.112,,1.3475840000000001,SDSS_DR12
1047,,,,54.822,,1.754304,SDSS_DR12
239,,,,74.148,,2.3727359999999997,SDSS_DR12
6402,,,,67.312,,2.153984,SDSS_DR12
1521,,,,46.567,,1.4901440000000001,SDSS_DR12
6641,,,,36.576,,1.1704320000000001,SDSS_DR12
4991,,,,58.379,,1.868128,SDSS_DR12
3235,,,,56.382,,1.804224,SDSS_DR12
4638,,,,57.309,,1.833888,SDSS_DR12
315,,,,25.403,,0.812896,SDSS_DR12
6958,,,,66.947,,2.142304,SDSS_DR12
974,,,,45.02,,1.4406400000000001,SDSS_DR12
1911,,,,42.91,,1.37312,SDSS_DR12
6582,,,,63.747,,2.039904,SDSS_DR12
169,,,,40.15,,1.2848,SDSS_DR12
1907,,,,44.144,,1.412608,SDSS_DR12
6142,,,,90.625,,2.9,SDSS_DR12
4591,,,,85.286,,2.729152,SDSS_DR12
3589,,,,65.156,,2.084992,SDSS_DR12
5640,,,,38.473,,1.231136,SDSS_DR12
168,,,,45.545,,1.45744,SDSS_DR12
6347,,,,70.728,,2.263296,SDSS_DR12
1031,,,,37.485,,1.19952,SDSS_DR12
1836,,,,71.477,,2.287264,SDSS_DR12
7275,,,,102.018,,3.264576,SDSS_DR12
9559,,,,28.262,,0.9043840000000001,SDSS_DR12
7631,,,,40.422,,1.293504,SDSS_DR12
2349,,,,42.935,,1.37392,SDSS_DR12
7242,,,,50.874,,1.627968,SDSS_DR12
1925,,,,65.043,,2.081376,SDSS_DR12
9632,,,,44.947,,1.438304,SDSS_DR12
6313,,,,47.266,,1.512512,SDSS_DR12
9635,,,,38.813,,1.242016,SDSS_DR12
7011,,,,92.959,,2.974688,SDSS_DR12
915,,,,50.757,,1.624224,SDSS_DR12
6377,,,,49.181,,1.5737919999999999,SDSS_DR12
5298,,,,27.472,,0.8791040000000001,SDSS_DR12
3492,,,,64.263,,2.056416,SDSS_DR12
3328,,,,35.364,,1.131648,SDSS_DR12
8868,,,,57.31,,1.8339200000000002,SDSS_DR12
754,,,,41.059,,1.313888,SDSS_DR12
8241,,,,23.384,,0.7482880000000001,SDSS_DR12
5660,,,,73.861,,2.3635520000000003,SDSS_DR12
1943,,,,44.428,,1.4216959999999998,SDSS_DR12
5842,,,,21.98,,0.70336,SDSS_DR12
930,,,,65.797,,2.105504,SDSS_DR12
1830,,,,74.106,,2.3713919999999997,SDSS_DR12
5582,,,,122.153,,3.9088960000000004,SDSS_DR12
2241,,,,38.875,,1.244,SDSS_DR12
4907,,,,89.544,,2.865408,SDSS_DR12
2100,,,,62.621,,2.0038720000000003,SDSS_DR12
2317,,,,46.73,,1.49536,SDSS_DR12
7081,,,,79.575,,2.5464,SDSS_DR12
7459,,,,76.727,,2.455264,SDSS_DR12
5264,,,,69.032,,2.209024,SDSS_DR12
4643,,,,48.296,,1.545472,SDSS_DR12
7403,,,,73.191,,2.342112,SDSS_DR12
8103,,,,37.117,,1.187744,SDSS_DR12
1850,,,,47.498,,1.519936,SDSS_DR12
656,,,,54.226,,1.735232,SDSS_DR12
135,,,,48.916,,1.565312,SDSS_DR12
8713,,,,30.286,,0.969152,SDSS_DR12
5059,,,,52.672,,1.685504,SDSS_DR12
8543,,,,55.409,,1.773088,SDSS_DR12
3550,,,,68.026,,2.176832,SDSS_DR12
7528,,,,40.814,,1.306048,SDSS_DR12
7525,,,,69.996,,2.239872,SDSS_DR12
199,,,,55.458,,1.774656,SDSS_DR12
7344,,,,41.159,,1.317088,SDSS_DR12
5524,,,,59.752,,1.9120640000000002,SDSS_DR12
1940,,,,67.246,,2.151872,SDSS_DR12
270,,,,56.762,,1.816384,SDSS_DR12
2246,,,,42.973,,1.375136,SDSS_DR12
637,,,,43.903,,1.404896,SDSS_DR12
5613,,,,58.346,,1.8670719999999998,SDSS_DR12
6018,,,,50.618,,1.619776,SDSS_DR12
7935,,,,27.193,,0.8701760000000001,SDSS_DR12
8547,,,,63.104,,2.0193280000000002,SDSS_DR12
4992,,,,58.339,,1.866848,SDSS_DR12
1741,,,,52.856,,1.691392,SDSS_DR12
7643,,,,34.915,,1.11728,SDSS_DR12
1438,,,,46.576,,1.490432,SDSS_DR12
5547,,,,56.16,,1.7971199999999998,SDSS_DR12
1891,,,,53.558,,1.713856,SDSS_DR12
819,,,,44.081,,1.410592,SDSS_DR12
6647,,,,21.535,,0.6891200000000001,SDSS_DR12
1450,,,,74.87,,2.39584,SDSS_DR12
300,,,,33.365,,1.0676800000000002,SDSS_DR12
3454,,,,52.123,,1.6679359999999999,SDSS_DR12
3395,,,,49.67,,1.5894400000000002,SDSS_DR12
1779,,,,43.669,,1.397408,SDSS_DR12
8525,,,,49.01,,1.56832,SDSS_DR12
7263,,,,37.191,,1.190112,SDSS_DR12
8458,,,,43.54,,1.39328,SDSS_DR12
763,,,,77.033,,2.465056,SDSS_DR12
2202,,,,55.133,,1.764256,SDSS_DR12
692,,,,42.283,,1.353056,SDSS_DR12
3392,,,,56.996,,1.8238720000000002,SDSS_DR12
2377,,,,54.675,,1.7496,SDSS_DR12
6330,,,,65.488,,2.095616,SDSS_DR12
5526,,,,67.772,,2.1687040000000004,SDSS_DR12
5746,,,,37.063,,1.1860160000000002,SDSS_DR12
1070,,,,62.898,,2.0127360000000003,SDSS_DR12
5217,,,,88.67,,2.83744,SDSS_DR12
8234,,,,29.13,,0.93216,SDSS_DR12
5000,,,,47.209,,1.510688,SDSS_DR12
5718,,,,31.377,,1.004064,SDSS_DR12
4363,,,,55.635,,1.78032,SDSS_DR12
9564,,,,38.566,,1.234112,SDSS_DR12
4639,,,,20.551,,0.657632,SDSS_DR12
3947,,,,37.66,,1.20512,SDSS_DR12
897,,,,45.176,,1.445632,SDSS_DR12
2150,,,,63.135,,2.02032,SDSS_DR12
7521,,,,40.409,,1.293088,SDSS_DR12
883,,,,36.201,,1.1584320000000001,SDSS_DR12
248,,,,25.161,,0.8051520000000001,SDSS_DR12
7000,,,,58.133,,1.8602560000000001,SDSS_DR12
1382,,,,42.481,,1.3593920000000002,SDSS_DR12
2121,,,,34.634,,1.108288,SDSS_DR12
4604,,,,37.583,,1.202656,SDSS_DR12
4387,,,,63.653,,2.036896,SDSS_DR12
1302,,,,38.574,,1.234368,SDSS_DR12
788,,,,42.845,,1.37104,SDSS_DR12
3909,,,,35.359,,1.131488,SDSS_DR12
1574,,,,51.735,,1.65552,SDSS_DR12
3338,,,,30.947,,0.990304,SDSS_DR12
925,,,,60.098,,1.923136,SDSS_DR12
1030,,,,44.241,,1.415712,SDSS_DR12
4965,,,,73.36,,2.34752,SDSS_DR12
13788,,,,452.732,,14.487424,SDSS_DR12
998,,,,49.227,,1.575264,SDSS_DR12
11176,,,,94.826,,3.034432,SDSS_DR12
11431,,,,104.894,,3.356608,SDSS_DR12
4739,,,,283.073,,9.058335999999999,SDSS_DR12
14307,,,,52.239,,1.671648,SDSS_DR12
13222,,,,232.397,,7.436704,SDSS_DR12
11627,,,,255.013,,8.160416,SDSS_DR12
3294,,,,136.068,,4.354176000000001,SDSS_DR12
11134,,,,95.646,,3.0606720000000003,SDSS_DR12
11375,,,,63.442,,2.030144,SDSS_DR12
4402,,,,96.976,,3.103232,SDSS_DR12
16634,,,,256.241,,8.199712,SDSS_DR12
5734,,,,85.837,,2.7467840000000003,SDSS_DR12
8541,,,,140.721,,4.503072,SDSS_DR12
14348,,,,195.881,,6.268192,SDSS_DR12
11918,,,,153.077,,4.898464,SDSS_DR12
16394,,,,143.208,,4.582656,SDSS_DR12
6177,,,,121.053,,3.873696,SDSS_DR12
8656,,,,111.418,,3.565376,SDSS_DR12
1077,,,,30.145,,0.96464,SDSS_DR12
5692,,,,150.861,,4.827552,SDSS_DR12
1625,,,,48.564,,1.554048,SDSS_DR12
16341,,,,93.079,,2.978528,SDSS_DR12
14778,,,,116.89,,3.7404800000000002,SDSS_DR12
75,,,,58.55,,1.8736,SDSS_DR12
2151,,,,65.225,,2.0871999999999997,SDSS_DR12
3404,,,,124.53,,3.98496,SDSS_DR12
11530,,,,89.634,,2.868288,SDSS_DR12
32,,,,31.272,,1.000704,SDSS_DR12
13721,,,,167.884,,5.372287999999999,SDSS_DR12
12090,,,,98.083,,3.138656,SDSS_DR12
16283,,,,80.443,,2.574176,SDSS_DR12
1557,,,,38.76,,1.2403199999999999,SDSS_DR12
11446,,,,144.821,,4.634272,SDSS_DR12
17482,,,,68.431,,2.189792,SDSS_DR12
16633,,,,103.094,,3.2990079999999997,SDSS_DR12
8913,,,,59.999,,1.9199680000000001,SDSS_DR12
12071,,,,74.066,,2.370112,SDSS_DR12
4477,,,,60.923,,1.9495360000000002,SDSS_DR12
7629,,,,21.499,,0.687968,SDSS_DR12
10199,,,,120.106,,3.8433919999999997,SDSS_DR12
4880,,,,49.342,,1.578944,SDSS_DR12
15600,,,,109.486,,3.503552,SDSS_DR12
11954,,,,126.872,,4.059904,SDSS_DR12
16286,,,,55.929,,1.7897280000000002,SDSS_DR12
15671,,,,27.241,,0.871712,SDSS_DR12
11600,,,,51.945,,1.66224,SDSS_DR12
10510,,,,93.277,,2.984864,SDSS_DR12
12092,,,,136.661,,4.373152,SDSS_DR12
12488,,,,76.514,,2.448448,SDSS_DR12
15370,,,,107.691,,3.4461120000000003,SDSS_DR12
31,,,,83.402,,2.668864,SDSS_DR12
5442,,,,81.587,,2.610784,SDSS_DR12
3577,,,,71.19,,2.27808,SDSS_DR12
15734,,,,143.897,,4.604704,SDSS_DR12
14361,,,,101.017,,3.232544,SDSS_DR12
9523,,,,59.983,,1.919456,SDSS_DR12
1000,,,,18.539,,0.5932480000000001,SDSS_DR12
7907,,,,42.478,,1.359296,SDSS_DR12
2148,,,,59.261,,1.896352,SDSS_DR12
15774,,,,74.606,,2.3873919999999997,SDSS_DR12
13793,,,,69.503,,2.224096,SDSS_DR12
14775,,,,130.108,,4.163456,SDSS_DR12
15788,,,,35.814,,1.146048,SDSS_DR12
17555,,,,91.919,,2.941408,SDSS_DR12
13145,,,,108.531,,3.472992,SDSS_DR12
7411,,,,31.13,,0.9961599999999999,SDSS_DR12
5425,,,,73.362,,2.347584,SDSS_DR12
13894,,,,45.659,,1.461088,SDSS_DR12
11588,,,,98.487,,3.1515839999999997,SDSS_DR12
11539,,,,103.696,,3.318272,SDSS_DR12
15786,,,,111.234,,3.559488,SDSS_DR12
76,,,,37.83,,1.21056,SDSS_DR12
16573,,,,65.654,,2.100928,SDSS_DR12
8920,,,,39.689,,1.270048,SDSS_DR12
15,,,,37.158,,1.1890560000000001,SDSS_DR12
16334,,,,52.685,,1.68592,SDSS_DR12
16320,,,,47.685,,1.5259200000000002,SDSS_DR12
10254,,,,129.242,,4.135744,SDSS_DR12
5720,,,,63.422,,2.0295039999999998,SDSS_DR12
16258,,,,63.67,,2.03744,SDSS_DR12
11089,,,,41.662,,1.333184,SDSS_DR12
103,,,,39.381,,1.260192,SDSS_DR12
8908,,,,66.49,,2.12768,SDSS_DR12
13716,,,,106.683,,3.4138560000000004,SDSS_DR12
11593,,,,70.976,,2.271232,SDSS_DR12
3099,,,,62.051,,1.985632,SDSS_DR12
12977,,,,60.9,,1.9488,SDSS_DR12
13650,,,,111.297,,3.561504,SDSS_DR12
15678,,,,88.565,,2.83408,SDSS_DR12
12698,,,,48.253,,1.5440960000000001,SDSS_DR12
14805,,,,87.84,,2.81088,SDSS_DR12
12327,,,,48.582,,1.554624,SDSS_DR12
12778,,,,44.187,,1.413984,SDSS_DR12
11396,,,,31.398,,1.004736,SDSS_DR12
10263,,,,88.998,,2.8479360000000002,SDSS_DR12
13189,,,,39.405,,1.26096,SDSS_DR12
14303,,,,58.456,,1.870592,SDSS_DR12
15235,,,,86.672,,2.773504,SDSS_DR12
1643,,,,61.867,,1.979744,SDSS_DR12
14329,,,,78.816,,2.5221120000000004,SDSS_DR12
11538,,,,62.426,,1.997632,SDSS_DR12
17014,,,,91.845,,2.93904,SDSS_DR12
11499,,,,59.561,,1.905952,SDSS_DR12
1859,,,,23.309,,0.745888,SDSS_DR12
16444,,,,104.125,,3.332,SDSS_DR12
13568,,,,128.977,,4.127264,SDSS_DR12
16302,,,,82.097,,2.6271039999999997,SDSS_DR12
17559,,,,93.797,,3.001504,SDSS_DR12
13750,,,,87.016,,2.7845120000000003,SDSS_DR12
977,,,,44.373,,1.4199359999999999,SDSS_DR12
13784,,,,61.506,,1.968192,SDSS_DR12
8606,,,,59.168,,1.893376,SDSS_DR12
10149,,,,36.797,,1.1775039999999999,SDSS_DR12
4608,,,,77.459,,2.478688,SDSS_DR12
10524,,,,64.194,,2.054208,SDSS_DR12
4335,,,,42.311,,1.353952,SDSS_DR12
11153,,,,38.255,,1.2241600000000001,SDSS_DR12
13580,,,,46.505,,1.4881600000000001,SDSS_DR12
33,,,,34.326,,1.098432,SDSS_DR12
13586,,,,84.926,,2.717632,SDSS_DR12
12003,,,,64.132,,2.0522240000000003,SDSS_DR12
14333,,,,109.434,,3.501888,SDSS_DR12
14304,,,,24.932,,0.797824,SDSS_DR12
7758,,,,28.667,,0.917344,SDSS_DR12
12062,,,,90.239,,2.887648,SDSS_DR12
4281,,,,40.749,,1.303968,SDSS_DR12
13679,,,,54.928,,1.757696,SDSS_DR12
13743,,,,110.835,,3.54672,SDSS_DR12
12064,,,,73.555,,2.3537600000000003,SDSS_DR12
13177,,,,49.781,,1.592992,SDSS_DR12
11662,,,,96.663,,3.093216,SDSS_DR12
14091,,,,51.506,,1.648192,SDSS_DR12
16422,,,,77.48,,2.4793600000000002,SDSS_DR12
35,,,,19.952,,0.638464,SDSS_DR12
10385,,,,35.463,,1.134816,SDSS_DR12
2082,,,,36.146,,1.1566720000000001,SDSS_DR12
16628,,,,61.366,,1.9637120000000001,SDSS_DR12
16377,,,,80.763,,2.584416,SDSS_DR12
15127,,,,83.64,,2.67648,SDSS_DR12
14106,,,,43.286,,1.3851520000000002,SDSS_DR12
11070,,,,80.111,,2.563552,SDSS_DR12
5432,,,,58.735,,1.87952,SDSS_DR12
15325,,,,73.009,,2.336288,SDSS_DR12
13823,,,,85.286,,2.729152,SDSS_DR12
5553,,,,66.948,,2.142336,SDSS_DR12
12280,,,,73.233,,2.343456,SDSS_DR12
12727,,,,74.187,,2.373984,SDSS_DR12
16321,,,,30.715,,0.98288,SDSS_DR12
15631,,,,82.524,,2.640768,SDSS_DR12
16733,,,,78.343,,2.5069760000000003,SDSS_DR12
16323,,,,60.954,,1.950528,SDSS_DR12
5557,,,,51.857,,1.659424,SDSS_DR12
13113,,,,48.103,,1.539296,SDSS_DR12
10515,,,,57.022,,1.8247039999999999,SDSS_DR12
16653,,,,65.58,,2.09856,SDSS_DR12
10864,,,,37.456,,1.198592,SDSS_DR12
15591,,,,56.506,,1.808192,SDSS_DR12
9800,,,,39.122,,1.2519040000000001,SDSS_DR12
13877,,,,65.171,,2.085472,SDSS_DR12
11636,,,,42.263,,1.352416,SDSS_DR12
13483,,,,47.703,,1.526496,SDSS_DR12
12815,,,,24.681,,0.789792,SDSS_DR12
8791,,,,29.357,,0.939424,SDSS_DR12
13444,,,,33.903,,1.084896,SDSS_DR12
7643,,,,50.436,,1.613952,SDSS_DR12
15125,,,,64.703,,2.0704960000000003,SDSS_DR12
15197,,,,42.784,,1.369088,SDSS_DR12
17438,,,,71.219,,2.2790079999999997,SDSS_DR12
12976,,,,29.496,,0.9438719999999999,SDSS_DR12
2029,,,,47.233,,1.511456,SDSS_DR12
12965,,,,51.414,,1.645248,SDSS_DR12
16431,,,,60.838,,1.946816,SDSS_DR12
13210,,,,68.057,,2.177824,SDSS_DR12
16282,,,,50.999,,1.631968,SDSS_DR12
14277,,,,54.696,,1.750272,SDSS_DR12
8865,,,,72.547,,2.321504,SDSS_DR12
16380,,,,78.623,,2.5159360000000004,SDSS_DR12
17622,,,,87.418,,2.7973760000000003,SDSS_DR12
12455,,,,57.114,,1.827648,SDSS_DR12
13752,,,,81.035,,2.59312,SDSS_DR12
8535,,,,42.645,,1.36464,SDSS_DR12
1027,,,,32.392,,1.0365440000000001,SDSS_DR12
8619,,,,59.897,,1.916704,SDSS_DR12
12177,,,,43.836,,1.402752,SDSS_DR12
8918,,,,42.398,,1.3567360000000002,SDSS_DR12
12010,,,,60.546,,1.937472,SDSS_DR12
254,,,,28.823,,0.922336,SDSS_DR12
14767,,,,34.965,,1.11888,SDSS_DR12
12098,,,,60.412,,1.933184,SDSS_DR12
12219,,,,73.28,,2.34496,SDSS_DR12
15292,,,,78.646,,2.5166720000000002,SDSS_DR12
16696,,,,53.518,,1.712576,SDSS_DR12
3257,,,,35.948,,1.150336,SDSS_DR12
14097,,,,75.82,,2.42624,SDSS_DR12
14780,,,,31.802,,1.017664,SDSS_DR12
17705,,,,38.548,,1.2335360000000002,SDSS_DR12
10400,,,,34.432,,1.1018240000000001,SDSS_DR12
12493,,,,48.005,,1.5361600000000002,SDSS_DR12
10173,,,,34.589,,1.106848,SDSS_DR12
11392,,,,45.769,,1.464608,SDSS_DR12
3828,,,,92.396,,2.956672,SDSS_DR12
11410,,,,60.146,,1.9246720000000002,SDSS_DR12
16693,,,,60.039,,1.921248,SDSS_DR12
9716,,,,84.799,,2.7135680000000004,SDSS_DR12
12761,,,,115.395,,3.69264,SDSS_DR12
9487,,,,54.635,,1.7483199999999999,SDSS_DR12
16391,,,,65.697,,2.102304,SDSS_DR12
3124,,,,14.303,,0.45769600000000005,SDSS_DR12
14070,,,,59.855,,1.91536,SDSS_DR12
11993,,,,91.207,,2.918624,SDSS_DR12
12484,,,,55.428,,1.773696,SDSS_DR12
7410,,,,28.279,,0.9049280000000001,SDSS_DR12
8630,,,,55.68,,1.78176,SDSS_DR12
495,,,,31.161,,0.997152,SDSS_DR12
1895,,,,53.58,,1.71456,SDSS_DR12
17694,,,,37.576,,1.202432,SDSS_DR12
11078,,,,63.356,,2.0273920000000003,SDSS_DR12
5735,,,,66.283,,2.1210560000000003,SDSS_DR12
16555,,,,50.444,,1.614208,SDSS_DR12
15199,,,,57.703,,1.8464960000000001,SDSS_DR12
13132,,,,54.042,,1.729344,SDSS_DR12
87,,,,45.034,,1.441088,SDSS_DR12
12674,,,,51.218,,1.6389760000000002,SDSS_DR12
11423,,,,44.743,,1.4317760000000002,SDSS_DR12
16260,,,,74.446,,2.382272,SDSS_DR12
13653,,,,57.727,,1.847264,SDSS_DR12
14423,,,,76.329,,2.442528,SDSS_DR12
12236,,,,66.044,,2.1134079999999997,SDSS_DR12
1019,,,,52.852,,1.6912639999999999,SDSS_DR12
11544,,,,79.817,,2.554144,SDSS_DR12
11934,,,,79.302,,2.5376640000000004,SDSS_DR12
14261,,,,48.441,,1.5501120000000002,SDSS_DR12
11454,,,,50.95,,1.6304,SDSS_DR12
3315,,,,62.187,,1.989984,SDSS_DR12
4516,,,,69.635,,2.22832,SDSS_DR12
15335,,,,47.0,,1.504,SDSS_DR12
13550,,,,41.88,,1.34016,SDSS_DR12
5431,,,,85.609,,2.7394879999999997,SDSS_DR12
8584,,,,62.216,,1.990912,SDSS_DR12
15699,,,,65.435,,2.0939200000000002,SDSS_DR12
13645,,,,73.492,,2.351744,SDSS_DR12
16715,,,,108.001,,3.4560320000000004,SDSS_DR12
14726,,,,47.308,,1.513856,SDSS_DR12
14711,,,,85.816,,2.746112,SDSS_DR12
11748,,,,94.114,,3.011648,SDSS_DR12
16529,,,,59.036,,1.8891520000000002,SDSS_DR12
12752,,,,51.836,,1.658752,SDSS_DR12
99,,,,32.214,,1.030848,SDSS_DR12
7571,,,,47.186,,1.509952,SDSS_DR12
16710,,,,61.165,,1.95728,SDSS_DR12
12522,,,,34.753,,1.112096,SDSS_DR12
8579,,,,26.668,,0.853376,SDSS_DR12
11122,,,,40.532,,1.297024,SDSS_DR12
17626,,,,64.101,,2.051232,SDSS_DR12
13007,,,,33.956,,1.0865920000000002,SDSS_DR12
14143,,,,79.491,,2.543712,SDSS_DR12
11659,,,,51.833,,1.658656,SDSS_DR12
7316,,,,30.166,,0.9653120000000001,SDSS_DR12
17437,,,,50.367,,1.6117439999999998,SDSS_DR12
15739,,,,78.978,,2.5272959999999998,SDSS_DR12
13869,,,,45.629,,1.4601279999999999,SDSS_DR12
13611,,,,31.067,,0.994144,SDSS_DR12
4373,,,,51.32,,1.6422400000000001,SDSS_DR12
5639,,,,53.662,,1.717184,SDSS_DR12
11970,,,,45.885,,1.46832,SDSS_DR12
4810,,,,53.512,,1.7123840000000001,SDSS_DR12
16675,,,,57.405,,1.8369600000000001,SDSS_DR12
14289,,,,47.942,,1.534144,SDSS_DR12
12701,,,,46.308,,1.481856,SDSS_DR12
10318,,,,33.863,,1.083616,SDSS_DR12
13156,,,,61.648,,1.972736,SDSS_DR12
13665,,,,48.834,,1.562688,SDSS_DR12
14050,,,,40.687,,1.301984,SDSS_DR12
15239,,,,55.028,,1.760896,SDSS_DR12
17628,,,,64.612,,2.067584,SDSS_DR12
5426,,,,43.961,,1.406752,SDSS_DR12
14029,,,,59.986,,1.919552,SDSS_DR12
5678,,,,70.117,,2.2437440000000004,SDSS_DR12
4404,,,,33.094,,1.059008,SDSS_DR12
11651,,,,57.776,,1.8488320000000003,SDSS_DR12
13224,,,,47.794,,1.5294079999999999,SDSS_DR12
13133,,,,65.171,,2.085472,SDSS_DR12
13551,,,,56.285,,1.8011199999999998,SDSS_DR12
12665,,,,49.688,,1.590016,SDSS_DR12
12061,,,,43.697,,1.3983040000000002,SDSS_DR12
13206,,,,74.357,,2.379424,SDSS_DR12
13857,,,,73.722,,2.359104,SDSS_DR12
9280,,,,52.176,,1.669632,SDSS_DR12
14400,,,,69.863,,2.235616,SDSS_DR12
13795,,,,64.233,,2.0554560000000004,SDSS_DR12
11140,,,,53.577,,1.714464,SDSS_DR12
8373,,,,48.999,,1.567968,SDSS_DR12
16563,,,,32.043,,1.025376,SDSS_DR12
16256,,,,50.306,,1.609792,SDSS_DR12
12422,,,,49.887,,1.596384,SDSS_DR12
11697,,,,55.752,,1.784064,SDSS_DR12
11543,,,,29.216,,0.9349120000000001,SDSS_DR12
4332,,,,35.495,,1.13584,SDSS_DR12
12675,,,,27.885,,0.8923200000000001,SDSS_DR12
12277,,,,54.649,,1.748768,SDSS_DR12
15406,,,,44.189,,1.414048,SDSS_DR12
8521,,,,52.516,,1.680512,SDSS_DR12
17554,,,,47.288,,1.513216,SDSS_DR12
16378,,,,74.916,,2.397312,SDSS_DR12
15601,,,,32.034,,1.025088,SDSS_DR12
14280,,,,57.942,,1.854144,SDSS_DR12
17486,,,,65.267,,2.0885439999999997,SDSS_DR12
16667,,,,48.717,,1.5589439999999999,SDSS_DR12
15784,,,,47.4,,1.5168,SDSS_DR12
16589,,,,79.064,,2.530048,SDSS_DR12
11479,,,,71.817,,2.2981439999999997,SDSS_DR12
4900,,,,35.733,,1.143456,SDSS_DR12
15224,,,,81.198,,2.5983359999999998,SDSS_DR12
12705,,,,64.36,,2.05952,SDSS_DR12
1095,,,,30.967,,0.9909439999999999,SDSS_DR12
5514,,,,25.219,,0.8070080000000001,SDSS_DR12
7877,,,,35.504,,1.136128,SDSS_DR12
4653,,,,246.915,,7.90128,SDSS_DR12
3284,,,,98.092,,3.138944,SDSS_DR12
5589,,,,170.261,,5.448352,SDSS_DR12
5789,,,,78.899,,2.524768,SDSS_DR12
4501,,,,60.254,,1.928128,SDSS_DR12
3362,,,,108.757,,3.480224,SDSS_DR12
5686,,,,62.238,,1.991616,SDSS_DR12
6581,,,,103.063,,3.298016,SDSS_DR12
5547,,,,119.861,,3.8355520000000003,SDSS_DR12
7599,,,,42.028,,1.344896,SDSS_DR12
4325,,,,123.27,,3.94464,SDSS_DR12
3713,,,,123.523,,3.952736,SDSS_DR12
4775,,,,137.903,,4.412896,SDSS_DR12
1998,,,,38.11,,1.21952,SDSS_DR12
3372,,,,34.064,,1.0900480000000001,SDSS_DR12
4803,,,,57.284,,1.833088,SDSS_DR12
7545,,,,41.881,,1.340192,SDSS_DR12
5820,,,,31.604,,1.011328,SDSS_DR12
7505,,,,23.058,,0.737856,SDSS_DR12
5548,,,,57.987,,1.8555840000000001,SDSS_DR12
2628,,,,50.895,,1.62864,SDSS_DR12
4766,,,,85.302,,2.729664,SDSS_DR12
5815,,,,62.515,,2.00048,SDSS_DR12
2591,,,,82.449,,2.638368,SDSS_DR12
1731,,,,33.628,,1.076096,SDSS_DR12
590,,,,41.388,,1.324416,SDSS_DR12
789,,,,40.689,,1.302048,SDSS_DR12
5735,,,,24.871,,0.795872,SDSS_DR12
7563,,,,24.55,,0.7856000000000001,SDSS_DR12
3747,,,,86.092,,2.754944,SDSS_DR12
1268,,,,48.373,,1.547936,SDSS_DR12
5746,,,,61.258,,1.9602560000000002,SDSS_DR12
5639,,,,72.04,,2.30528,SDSS_DR12
6334,,,,129.776,,4.152832,SDSS_DR12
6347,,,,103.227,,3.303264,SDSS_DR12
490,,,,23.679,,0.757728,SDSS_DR12
573,,,,21.07,,0.6742400000000001,SDSS_DR12
6407,,,,48.713,,1.558816,SDSS_DR12
3858,,,,83.802,,2.6816640000000005,SDSS_DR12
5752,,,,38.989,,1.2476479999999999,SDSS_DR12
1286,,,,50.813,,1.6260160000000001,SDSS_DR12
1710,,,,76.942,,2.462144,SDSS_DR12
1750,,,,104.401,,3.340832,SDSS_DR12
3821,,,,60.208,,1.926656,SDSS_DR12
1465,,,,39.024,,1.248768,SDSS_DR12
1995,,,,34.822,,1.1143040000000002,SDSS_DR12
2508,,,,31.307,,1.001824,SDSS_DR12
5763,,,,61.776,,1.9768320000000001,SDSS_DR12
5825,,,,21.972,,0.7031040000000001,SDSS_DR12
3331,,,,32.286,,1.033152,SDSS_DR12
1031,,,,25.456,,0.814592,SDSS_DR12
1241,,,,78.671,,2.517472,SDSS_DR12
5745,,,,50.884,,1.628288,SDSS_DR12
1688,,,,31.843,,1.018976,SDSS_DR12
736,,,,46.859,,1.4994880000000002,SDSS_DR12
4789,,,,77.435,,2.47792,SDSS_DR12
1186,,,,48.622,,1.555904,SDSS_DR12
1867,,,,18.548,,0.593536,SDSS_DR12
500,,,,40.23,,1.2873599999999998,SDSS_DR12
5531,,,,59.429,,1.901728,SDSS_DR12
5642,,,,70.6,,2.2592,SDSS_DR12
5726,,,,50.667,,1.6213440000000001,SDSS_DR12
4632,,,,57.657,,1.845024,SDSS_DR12
5803,,,,78.277,,2.504864,SDSS_DR12
7066,,,,50.775,,1.6248,SDSS_DR12
756,,,,42.855,,1.37136,SDSS_DR12
4022,,,,43.892,,1.404544,SDSS_DR12
6470,,,,42.146,,1.348672,SDSS_DR12
675,,,,36.891,,1.180512,SDSS_DR12
5635,,,,54.141,,1.732512,SDSS_DR12
1709,,,,47.058,,1.505856,SDSS_DR12
5806,,,,47.702,,1.526464,SDSS_DR12
123,,,,57.971,,1.8550719999999998,SDSS_DR12
6465,,,,16.901,,0.540832,SDSS_DR12
1554,,,,56.518,,1.808576,SDSS_DR12
7575,,,,45.704,,1.462528,SDSS_DR12
3803,,,,56.057,,1.793824,SDSS_DR12
6322,,,,60.25,,1.928,SDSS_DR12
1548,,,,62.348,,1.995136,SDSS_DR12
4942,,,,56.573,,1.810336,SDSS_DR12
4956,,,,69.901,,2.2368319999999997,SDSS_DR12
1464,,,,42.282,,1.353024,SDSS_DR12
1630,,,,64.19,,2.05408,SDSS_DR12
1628,,,,83.843,,2.682976,SDSS_DR12
5157,,,,56.524,,1.8087680000000002,SDSS_DR12
5714,,,,37.663,,1.2052159999999998,SDSS_DR12
7077,,,,28.064,,0.8980480000000001,SDSS_DR12
1236,,,,44.088,,1.410816,SDSS_DR12
1254,,,,80.859,,2.587488,SDSS_DR12
181,,,,39.318,,1.258176,SDSS_DR12
5631,,,,64.123,,2.051936,SDSS_DR12
512,,,,41.469,,1.327008,SDSS_DR12
6641,,,,38.103,,1.2192960000000002,SDSS_DR12
3188,,,,48.56,,1.5539200000000002,SDSS_DR12
4464,,,,38.122,,1.219904,SDSS_DR12
3366,,,,41.63,,1.33216,SDSS_DR12
2665,,,,33.897,,1.084704,SDSS_DR12
1847,,,,107.984,,3.455488,SDSS_DR12
4886,,,,17.69,,0.56608,SDSS_DR12
5405,,,,48.495,,1.5518399999999999,SDSS_DR12
218,,,,42.926,,1.3736320000000002,SDSS_DR12
1888,,,,26.203,,0.838496,SDSS_DR12
2319,,,,35.863,,1.147616,SDSS_DR12
6595,,,,41.185,,1.3179200000000002,SDSS_DR12
881,,,,40.182,,1.285824,SDSS_DR12
4388,,,,48.151,,1.5408320000000002,SDSS_DR12
3685,,,,74.022,,2.368704,SDSS_DR12
5776,,,,63.688,,2.0380160000000003,SDSS_DR12
5754,,,,23.699,,0.758368,SDSS_DR12
3399,,,,36.999,,1.1839680000000001,SDSS_DR12
215,,,,57.136,,1.8283520000000002,SDSS_DR12
2505,,,,45.736,,1.463552,SDSS_DR12
3395,,,,54.091,,1.730912,SDSS_DR12
5404,,,,60.435,,1.93392,SDSS_DR12
5410,,,,44.385,,1.42032,SDSS_DR12
4773,,,,77.225,,2.4712,SDSS_DR12
1881,,,,53.395,,1.7086400000000002,SDSS_DR12
214,,,,48.793,,1.561376,SDSS_DR12
784,,,,26.668,,0.853376,SDSS_DR12
4927,,,,78.36,,2.50752,SDSS_DR12
3357,,,,40.694,,1.302208,SDSS_DR12
4861,,,,19.873,,0.6359360000000001,SDSS_DR12
3532,,,,54.816,,1.7541120000000001,SDSS_DR12
912,,,,63.026,,2.016832,SDSS_DR12
4328,,,,56.684,,1.813888,SDSS_DR12
2000,,,,28.597,,0.915104,SDSS_DR12
4461,,,,108.318,,3.466176,SDSS_DR12
2595,,,,40.987,,1.311584,SDSS_DR12
1758,,,,42.598,,1.363136,SDSS_DR12
1897,,,,29.103,,0.9312960000000001,SDSS_DR12
1297,,,,46.798,,1.4975360000000002,SDSS_DR12
708,,,,29.356,,0.9393920000000001,SDSS_DR12
69,,,,53.279,,1.7049280000000002,SDSS_DR12
1181,,,,59.086,,1.890752,SDSS_DR12
1272,,,,52.957,,1.6946240000000001,SDSS_DR12
KBC_Void,187.5,12.0,0.07,200.0,0.6,8.0,NASA_IPAC_NED
Eridanus_Supervoid,60.0,-20.0,0.06,170.0,0.5,7.0,NASA_IPAC_NED
Bootes_Void,217.0,46.0,0.05,150.0,0.4,6.0,NASA_IPAC_NED
